,ID,Category,ID Category,Asset ID,Asset Name,Purchase Date,Cost (Finance),Cost (GA & Supply Chain),PIC,Department,Site,ID Site,Brand,Model,Serial Number,Notes,Status,Price
,28-Apr-25,"Rp8,500,000","Rp8,500,000",Joko Prihono,QA/QC,Deltamas 1,2,,,,,Active,,,,,,
3,FA003,Elektronik,I,FA003/I/01,HARDISK SEAGATE SRD0NF1,11-May-15,"Rp580,000",,Adi Kusumah,Engineering,BSD,1,,,,,Active,
5,FA005,Furniture,II,FA005/II/01,RAK,05-Sep-15,"Rp1,787,190",,,,BSD,1,,,,,Broken,
6,FA006,Furniture,II,FA006/II/01,MEJA PRINTER KOTAK,07-Sep-15,"Rp3,034,500",,Herfian,Engineering,BSD,1,,,,,Active,
7,FA007,Furniture,II,FA007/II/01,LEMARI,01-Oct-15,"Rp570,000",,,,BSD,1,,,,,Broken,
8,FA008,Furniture,II,FA008/II/01,KIPAS,02-Oct-15,"Rp220,000",,,,BSD,1,,,,,Broken,
11,FA011,Laptop and Komp,III,FA011/III/01,LAPTOP HP I3,01-Nov-16,"Rp6,540,000",,,Engineering,BSD,1,HP,,,,Active,
12,FA012,Elektronik,I,FA012/I/01,MESIN ABSEN,01-Jun-16,"Rp1,500,000",,,,BSD,1,,,,,Broken,
15,FA015,Furniture,II,FA015/II/01,HECTOR OFFICE TABLE WALNUT BLACK,01-Apr-16,"Rp750,000",,Corneleo,Sales & Marketing,BSD,1,,,,,Active,
16,FA016,Laptop and Komp,III,FA016/III/01,LAPTOP ASUS ROG GL553V,01-Jan-17,"Rp21,000,000",,Adi Kusumah,Engineering,BSD,1,Asus,,,,Active,
18,FA018,Laptop and Komp,III,FA018/III/01,LAPTOP ROG GL552VX,01-Sep-17,"Rp13,050,000",,,Engineering,BSD,1,Asus,,,,Active,
19,FA019,Machine and Tooling,V,FA019/V/02,PRINTER 3D,01-Sep-17,"Rp3,275,000",,,,Deltamas 1,2,,,,,,
21,FA021,Furniture,II,FA021/II/01,HECTOR OFFICE TABLE WALNUT BLACK,01-Feb-18,"Rp1,400,000",,,HRGA & Legal,BSD,1,,,,,Active,
22,FA022,Laptop and Komp,III,FA022/III/01,LAPTOP,01-Feb-18,"Rp14,548,800",,Hari TM,Engineering,BSD,1,,,,,Active,
23,FA023,Elektronik,I,FA023/I/01,Laptop Dell G5590,01-Mar-18,"Rp31,200,000",,Agus RH,Engineering,BSD,1,Asus,,,,Active,
26,FA026,Laptop and Komp,III,FA026/III/01,3 MONITOR + KEYBOARD 2 + MOUSE 2 + ACC + KABEL VGA + KABEL USG EXT STD,01-May-18,"Rp4,920,000",,Bilkis Ismail,PITD,BSD,1,,,,,Active,
26,FA026.1,Laptop and Komp,III,FA026.1/III/01,3 MONITOR + KEYBOARD 2 + MOUSE 2 + ACC + KABEL VGA + KABEL USG EXT STD,01-May-18,"Rp4,920,000",,Rifky Fauzi,Engineering,BSD,1,,,,,Active,
26,FA026.2,Laptop and Komp,III,FA026.2/III/01,3 MONITOR + KEYBOARD 2 + MOUSE 2 + ACC + KABEL VGA + KABEL USG EXT STD,01-May-18,"Rp4,920,000",,Dimas,HRGA & Legal,BSD,1,,,,,Active,
27,FA027,Elektronik,I,FA027/I/01,Camera Sony A6400,05-Jun-18,"Rp9,500,032",,Yogie,Business & Digital Development,BSD,1,Sony,,,,Active,
28,FA028,Laptop and Komp,III,FA028/III/01,Lenovo IP1205,06-Jul-18,"Rp3,900,000",,Rispandi,HRGA & Legal,BSD,1,Lenovo,,,Tidak terpakai ada di lemari HRGA,Active,
29,FA029,Machine and Tooling,V,FA029/V/02,3D PRINTER,02-Aug-18,"Rp2,953,007",,,,Deltamas 1,2,,,,,,
31,FA031,Machine and Tooling,V,FA031/V/01,3D PRINTER ANYCUBIC PHOTON,05-Oct-18,"Rp8,190,000",,Agus RH,Engineering,BSD,1,Anycubic,,,,Active,
34,FA034,Laptop and Komp,III,FA034/III/02,LAPTOP ASUS A407 MA N4000 4GB 128 SSD 14',08-Apr-19,"Rp4,116,265",,Rino,Supply Chain,Deltamas 1,2,Asus,,,,Active,
35,FA035,Elektronik,I,FA035/I/02,AC GREE GWC 05C3E INDOOR + OUTDOOR (1/2 PK),02-Aug-19,"Rp2,799,000",,Rino,HRGA & Legal,Deltamas 1,2,Gree,,,,Active,
36,FA036.1,Elektronik,I,FA036.1/I/02,AC GREE GWC 09C3E INDOOR + OUTDOOR (1 PK),02-Aug-19,"Rp3,049,000",,Rino,HRGA & Legal,Deltamas 1,2,Gree,,,,Active,
37,FA036.2,Elektronik,I,FA036.2/I/02,AC GREE GWC 09C3E INDOOR + OUTDOOR (1 PK),02-Aug-19,"Rp3,049,000",,Rino,HRGA & Legal,Deltamas 1,2,Gree,,,,Active,
38,FA036.3,Elektronik,I,FA036.3/I/03,AC GREE GWC 09C3E INDOOR + OUTDOOR (1 PK),02-Aug-19,"Rp3,049,000",,Rino,HRGA & Legal,Deltamas 2,3,Gree,,,,Active,
40,FA038.1,Furniture,II,FA038.1/II/02,KNOXHULT BASE CB W DRS/DRW 120 WHI,13-Aug-19,"Rp2,550,000",,,,Deltamas 1,2,,,,,Broken,
41,FA038.2,Furniture,II,FA038.2/II/03,KNOXHULT BASE CB W DOORS 80X85 WHITE AP,13-Aug-19,"Rp1,500,000",,Rino,HRGA & Legal,Deltamas 2,3,Knoxhult,,,,Active,
42,FA039.1,Furniture,II,FA039.1/II/01,LOMO WORKING CHAIR LOW BACK BL 15,15-Aug-19,"Rp799,500",,Herfian,Engineering,BSD,1,Informa,,,,Active,
43,FA039.2,Furniture,II,FA039.2/II/01,LOMO WORKING CHAIR LOW BACK BL 15,15-Aug-19,"Rp799,500",,Bilkis Ismail,PITD,BSD,1,Informa,,,,Active,
44,FA039.3,Furniture,II,FA039.3/II/01,LOMO WORKING CHAIR LOW BACK BL 15,15-Aug-19,"Rp799,500",,,Finance & Accounting,BSD,1,Informa,,,,Active,
45,FA039.4,Furniture,II,FA039.4/II/01,LOMO WORKING CHAIR LOW BACK BL 15,15-Aug-19,"Rp799,500",,Audrey,Finance & Accounting,BSD,1,Informa,,,,Active,
46,FA039.5,Furniture,II,FA039.5/II/01,LOMO WORKING CHAIR LOW BACK BL 15,15-Aug-19,"Rp799,500",,Daniella,HRGA & Legal,BSD,1,Informa,,,,Active,
47,FA039.6,Furniture,II,FA039.6/II/01,LOMO WORKING CHAIR LOW BACK BL 15,15-Aug-19,"Rp799,500",,,PITD,BSD,1,Informa,,,,Active,
48,FA039.7,Furniture,II,FA039.7/II/01,LOMO WORKING CHAIR LOW BACK BL 15,15-Aug-19,"Rp799,500",,Hari TM,Engineering,BSD,1,Informa,,,,,
49,FA039.8,Furniture,II,FA039.8/II/01,LOMO WORKING CHAIR LOW BACK BL 15,15-Aug-19,"Rp799,500",,Arina,HRGA & Legal,BSD,1,Informa,,,,Active,
50,FA039.9,Furniture,II,FA039.9/II/01,NEWVY 4 TIER BLACK,15-Aug-19,"Rp759,000",,Chendy,BOD,BSD,1,Informa,,,,Active,
51,FA040.1,Furniture,II,FA040.1/II/01,ZEDD STAFF CHAIR LOW BACK GREY,15-Aug-19,"Rp899,500",,,HRGA & Legal,BSD,1,Informa,,,,Active,
52,FA040.2,Furniture,II,FA040.2/II/01,ZEDD STAFF CHAIR LOW BACK GREY,15-Aug-19,"Rp899,500",,Chendy,BOD,BSD,1,Informa,,,,Active,
53,FA040.3,Furniture,II,FA040.3/II/01,ZEDD STAFF CHAIR LOW BACK GREY,15-Aug-19,"Rp899,500",,Rubi,PITD,BSD,1,Informa,,,,Active,
54,FA040.4,Furniture,II,FA040.4/II/01,ZEDD STAFF CHAIR LOW BACK GREY,15-Aug-19,"Rp899,500",,,Business & Digital Development,BSD,1,Informa,,,,Active,
55,FA040.5,Furniture,II,FA040.5/II/01,ZEDD STAFF CHAIR LOW BACK GREY,15-Aug-19,"Rp899,500",,,,BSD,1,Informa,,,,Broken,
56,FA040.6,Furniture,II,FA040.6/II/01,ZEDD STAFF CHAIR LOW BACK GREY,15-Aug-19,"Rp899,500",,,,BSD,1,Informa,,,,Broken,
57,FA040.7,Furniture,II,FA040.7/II/01,ZEDD STAFF CHAIR LOW BACK GREY,15-Aug-19,"Rp899,500",,,,BSD,1,Informa,,,,Broken,
58,FA040.8,Furniture,II,FA040.8/II/01,ZEDD STAFF CHAIR LOW BACK GREY,15-Aug-19,"Rp899,500",,,,BSD,1,Informa,,,,Broken,
59,FA040.9,Furniture,II,FA040.9/II/01,MELVILLE BAR TABLE 180X70X105 CM BROWN,15-Aug-19,"Rp2,999,000",,Dimas,HRGA & Legal,BSD,1,,,,,Active,
60,FA040.10,Furniture,II,FA040.10/II/01,LAREDO BAR CHAIR BLACK,15-Aug-19,"Rp389,000",,Dimas,HRGA & Legal,BSD,1,Informa,,,,Active,
61,FA040.11,Furniture,II,FA040.11/II/01,LAREDO BAR CHAIR BLACK,15-Aug-19,"Rp389,000",,Dimas,HRGA & Legal,BSD,1,Informa,,,,Active,
62,FA040.12,Furniture,II,FA040.12/II/01,LAREDO BAR CHAIR BLACK,15-Aug-19,"Rp389,000",,Dimas,HRGA & Legal,BSD,1,Informa,,,,Active,
63,FA040.13,Furniture,II,FA040.13/II/01,LAREDO BAR CHAIR BLACK,15-Aug-19,"Rp389,000",,Dimas,HRGA & Legal,BSD,1,Informa,,,,Active,
64,FA040.14,Furniture,II,FA040.14/II/01,LAREDO BAR CHAIR BLACK,15-Aug-19,"Rp389,000",,Dimas,HRGA & Legal,BSD,1,Informa,,,,Active,
65,FA040.15,Furniture,II,FA040.15/II/01,LAREDO BAR CHAIR BLACK,15-Aug-19,"Rp389,000",,Dimas,HRGA & Legal,BSD,1,Informa,,,,Active,
66,FA040.16,Furniture,II,FA040.16/II/01,HECTOR OFFICE TABLE WALNUT BLACK,15-Aug-19,"Rp999,000",,Hari TM,Engineering,BSD,1,Informa,,,,Active,
67,FA040.17,Furniture,II,FA040.17/II/01,HECTOR OFFICE TABLE WALNUT BLACK,15-Aug-19,"Rp999,000",,,PITD,BSD,1,Informa,,,,Active,
68,FA040.18,Furniture,II,FA040.18/II/01,HECTOR OFFICE TABLE WALNUT BLACK,15-Aug-19,"Rp999,000",,,Finance & Accounting,BSD,1,Informa,,,,Active,
69,FA040.19,Furniture,II,FA040.19/II/01,HECTOR OFFICE TABLE WALNUT BLACK,15-Aug-19,"Rp999,000",,Rubi,PITD,BSD,1,Informa,,,,Active,
70,FA040.20,Furniture,II,FA040.20/II/01,HECTOR OFFICE TABLE WALNUT BLACK,15-Aug-19,"Rp999,000",,Marcel,PITD,BSD,1,Informa,,,,Active,
71,FA040.21,Furniture,II,FA040.21/II/01,HECTOR OFFICE TABLE WALNUT BLACK,15-Aug-19,"Rp999,000",,Rifky Fauzi,Engineering,BSD,1,Informa,,,,Active,
72,FA040.22,Furniture,II,FA040.22/II/01,HECTOR OFFICE TABLE WALNUT BLACK,15-Aug-19,"Rp999,000",,Fitria,Finance & Accounting,BSD,1,Informa,,,,Active,
73,FA040.23,Furniture,II,FA040.23/II/01,MAINE DSTP+MDSTY MGR DESK 160 KW-R(P1/3),15-Aug-19,"Rp1,942,000",,,,BSD,1,,,,,,
76,FA040.26,Furniture,II,FA040.26/II/01,MAINE DESKTOP+MDSTY STFDSK 140KW (P1/3),15-Aug-19,"Rp1,016,000",,Joseline,BOD,BSD,1,,,,,Active,
77,FA040.27,Furniture,II,FA040.27/II/01,MAINE PEDESTAL STAFF DSK 140 KW (P3/3),15-Aug-19,"Rp883,000",,Joseline,BOD,BSD,1,,,,,Active,
78,FA040.28,Furniture,II,FA040.28/II/01,MAINE LEG+HRDWR STF DESK 140 KW (P2/3),15-Aug-19,"Rp800,000",,Joseline,BOD,BSD,1,,,,,Active,
79,FA040.29,Furniture,II,FA040.29/II/01,DESKTOP SIEBEN RECT MTG 2412 CO (P1/3),15-Aug-19,"Rp2,099,000",,Hari TM,Engineering,BSD,1,,,,,Active,
82,FA041,Elektronik,I,FA041/I/01,MICROWAVE,01-Aug-18,"Rp1,250,000",,Dimas,HRGA & Legal,BSD,1,,,,,Active,
83,FA042,Elektronik,I,FA042/I/01,DISPENSER,01-Aug-19,"Rp290,000",,,,BSD,1,,,,,Broken,Bocor
84,FA043,Elektronik,I,FA043/I/02,CCTV CAMERA (6) + DVR 8 TITIK + HARDISK 500GB,03-Sep-19,"Rp3,270,000",,,,Deltamas 1,2,,,,,Broken,
85,FA044,Elektronik,I,FA044/I/01,HP PRINTER 2135,03-Sep-19,"Rp565,000",,Chendy,BOD,BSD,1,HP,,,Rumah Pak Chendy,Active,
86,FA045,Machine and Tooling,V,FA045/V/01,SHARK COMPRESSOR OIL FREE,03-Sep-19,"Rp1,300,000",,Chendy,BOD,BSD,1,Shark,,,Rumah Pak Chendy,Active,
87,FA046,Elektronik,I,FA046/I/01,"PHONE TAB A 8"" + SILICON TAB A8"" SAMSUNG",05-Sep-19,"Rp3,860,000",,Dimas,HRGA & Legal,BSD,1,Samsung,Galaxy,,,Active,
88,FA047,Elektronik,I,FA047/I/01,"GIANT - TV LED 40 "" (2UNIT) + BREKET (2PC)",05-Sep-19,"Rp2,449,000",,Daniella,HRGA & Legal,BSD,1,TCL,,,,Active,
88,FA047.1,Elektronik,I,FA047.1/I/01,"GIANT - TV LED 40 "" (2UNIT) + BREKET (2PC)",05-Sep-19,"Rp2,449,000",,Daniella,HRGA & Legal,BSD,1,TCL,,,Proses repair di Pak Chendy,Active,
88,FA047.2,Elektronik,I,FA047.2/I/01,"GIANT - TV LED 40 "" (2UNIT) + BREKET (2PC)",05-Sep-19,"Rp4,898,000",,Daniella,,BSD,1,,,,,,
90,FA049,Machine and Tooling,V,FA049/V/02,MESIN CNC 3018 ENGRAVING MILLING ER11,01-Sep-19,"Rp1,775,427",,,Engineering,Deltamas 1,2,,,,Di Pak Hari,Broken,
91,FA050,Elektronik,I,FA050/I/01,PRINTER THERMAL,01-Sep-19,"Rp1,605,000",,Daniella,HRGA & Legal,BSD,1,Enibit,,,,Active,
92,FA051,Furniture,II,FA051/II/01,RAK STORAGE INFORMA,01-Nov-19,"Rp1,099,000",,Corneleo,Sales & Marketing,BSD,1,Informa,,,,Active,
93,FA052,Furniture,II,FA052/II/02,RAK STORAGE INFORMA 2 UNIT,10-Dec-19,"Rp1,099,000",,,,Deltamas 1,2,Informa,,,Terguyur hujan saat pindah,Broken,
93,FA052.1,Furniture,II,FA052.1/II/03,RAK STORAGE INFORMA 2 UNIT,10-Dec-19,"Rp1,099,000",,Rino,HRGA & Legal,Deltamas 2,3,Informa,,,,Active,
94,FA053,Machine and Tooling,V,FA053/V/02,"COMPRESSOR, AIRBRUSH",28-Jan-20,"Rp1,991,700",,,,Deltamas 1,2,Swan,,,"Airbrush ada di Deltamas, Compressor belum ketemu",,
95,FA054.1,Furniture,II,FA054.1/II/01,HECTOR OFFICE TABLE WALNUT BLACK,10-Feb-20,"Rp726,360",,Arina,HRGA & Legal,BSD,1,Informa,,,,Active,
96,FA054.2,Furniture,II,FA054.2/II/01,MJOLNIR STAFF CHAIR LOW BACK BLACK,10-Feb-20,"Rp617,730",,Shela Oktania,BOD,BSD,1,Informa,,,,Active,
97,FA054.3,Furniture,II,FA054.3/II/01,MJOLNIR STAFF CHAIR LOW BACK BLACK,10-Feb-20,"Rp617,730",,Felix Firmansyah,Finance & Accounting,BSD,1,Informa,,,,Active,
98,FA055,Furniture,II,FA055/II/01,LEO TASK CHAIR BLACK,10-Mar-20,"Rp790,000",,,Engineering,BSD,1,Informa,,,,Active,
99,FA056,Elektronik,I,FA056/I/01,PRINTER,17-Jun-19,"Rp31,228,995",,,,BSD,1,,,,,,
105,FA062,Elektronik,I,FA062/I/01,HARDISK EKSTERNAL 1 TB - HITAM - TOSHIBA,01-Apr-21,"Rp688,000",,Adi Kusumah,Engineering,BSD,1,Toshiba,,,,Active,
106,FA063,Elektronik,I,FA063/I/01,PEMBELIAN HP UNTUK MARKETING,07-Jul-21,"Rp3,218,000",,Carissa,HRGA & Legal,BSD,1,Xiaomi,,,,Active,
107,FA064,Laptop and Komp,III,FA064/III/01,LENOVO IDEPAD SLIM 3I I5 10210 8GB 512SSD MX330 2G W11+OHS21 14.OFHD,10-Nov-21,"Rp10,239,000",,Alvin,Supply Chain,BSD,1,Lenovo,,,,Active,
108,FA065,Elektronik,I,FA065/I/02,PRINTER EPSON L3210,01-Apr-22,"Rp2,325,000",,Rino,HRGA & Legal,Deltamas 1,2,Epson,,,,Active,
109,FA066,Laptop and Komp,III,FA066/III/01,ASUS TUF | FX506HC | I535B6TO11 |8GB 512SSD RTX3050 4GB GRY,01-Aug-22,"Rp13,100,000",,Corneleo,Sales & Marketing,BSD,1,Asus,,,,Active,
110,FA067,Machine and Tooling,V,FA067/V/01,SIGMAT CALIPER 300MM | INSIZE,28-Feb-23,,"Rp1,285,100",Hari TM,Engineering,BSD,1,Insize,,,,Active,
111,FA068,Laptop and Komp,III,FA068/III/01,LENOVO VIU 62 141TL | I3-11156U | 8GB | 512GB,01-Aug-22,"Rp6,799,000",,Siska,Finance & Accounting,BSD,1,Lenovo,,,,Active,
112,FA073,Kendaraan,IV,FA073/IV/01,Daihatsu Granmax,01-Sep-22,"Rp142,551,944",,Alvin,Supply Chain,BSD,1,Daihatsu,,,,Active,
113,FA074,Kendaraan,IV,FA074/IV/01,Mitsubishi Xpander,01-Sep-22,"Rp273,690,550",,Rispandi,HRGA & Legal,BSD,1,Mitsubishi,,,,Active,
114,FA069,Laptop and Komp,III,FA069/III/01,LENOVO IDEAPAD SLIM 3 14 ATHLON 3020E 4GB 265SSD,05-Sep-22,"Rp3,603,604",,Tegar Terthio,Sales & Marketing,BSD,1,Lenovo,,,,Active,
115,FA070,Laptop and Komp,III,FA070/III/01,LENOVO FLEX 3 11 2IN1 TOUCH N4020 4GB 265SSD,05-Sep-22,"Rp5,200,000",,Eka Puteri,Sales & Marketing,BSD,1,Lenovo,Flex 3,,,Active,
116,FA071,Furniture,II,FA071/II/01,CARTER CREDENZE 2 SWING DOOR,15-Sep-22,"Rp1,530,631",,Fitria,Finance & Accounting,BSD,1,Carter,,,,Active,
117,FA072,Furniture,II,FA072/II/01,CARTER HIGH CABINET GLASSDOOR,15-Sep-22,"Rp2,771,667",,Fitria,Finance & Accounting,BSD,1,Carter,,,,Active,
118,FA075,Elektronik,I,FA075/I/01,COCOA 43 INCH SMART TV,01-Nov-22,"Rp2,930,575",,Chendy,BOD,BSD,1,Coocaa,,,,Active,
119,FA076,Elektronik,I,FA076/I/01,COCOA 43 INCH SMART TV,01-Nov-22,"Rp2,930,575",,Daniella,HRGA & Legal,BSD,1,Coocaa,,,,Active,
120,FA077,Elektronik,I,FA077/I/02,COCOA 43 INCH SMART TV,01-Nov-22,"Rp2,930,575",,Rino,HRGA & Legal,Deltamas 1,2,Coocaa,,,,Active,
121,FA078,Elektronik,I,FA078/I/02,COCOA 43 INCH SMART TV,01-Nov-22,"Rp2,930,575",,Rino,HRGA & Legal,Deltamas 1,2,Coocaa,,,,Active,
122,FA079,Elektronik,I,FA079/I/01,HP XIAOMI REDMI 10 | 128 GB | BLUE,01-Dec-22,"Rp1,719,600",,Devi Erliani,Supply Chain,BSD,1,Xiaomi,,,,Active,
123,FA080,Furniture,II,FA080/II/01,PAPAN TULIS KACA,01-Dec-22,"Rp2,338,400",,Arina,HRGA & Legal,BSD,1,,,,,Active,
128,FA081,Elektronik,I,FA081/I/03,AC GREE 1 PK DELTAMAS,13-Jan-23,"Rp8,199,000",,Rino,HRGA & Legal,Deltamas 2,3,Gree,,,,Active,
129,FA082,Elektronik,I,FA082/I/03,AC GREE 1 PK DELTAMAS,13-Jan-23,"Rp8,199,000",,Rino,HRGA & Legal,Deltamas 2,3,Gree,,,,Active,
130,FA083,Machine and Tooling,V,FA083/V/02,TROLEY 300 KG DELTAMAS,19-Jan-23,"Rp839,900",,Joko Prihono,QA/QC,Deltamas 1,2,Krisbow,,,Roda rusak,Active,
131,FA084,Furniture,II,FA084/II/02,KURSI KK O2 WHT DELTAMAS,19-Jan-23,"Rp490,990",,,HRGA & Legal,Deltamas 1,2,KK,,,,Active,
132,FA085,Furniture,II,FA085/II/02,KURSI KK O2 WHT DELTAMAS,19-Jan-23,"Rp490,990",,,HRGA & Legal,Deltamas 1,2,KK,,,,Active,
133,FA086,Furniture,II,FA086/II/02,KURSI KK O2 WHT DELTAMAS,19-Jan-23,"Rp490,990",,,HRGA & Legal,Deltamas 1,2,KK,,,,Active,
134,FA087,Furniture,II,FA087/II/02,KURSI KK O2 WHT DELTAMAS,19-Jan-23,"Rp490,990",,Rino,HRGA & Legal,Deltamas 1,2,KK,,,,Active,
135,FA088,Furniture,II,FA088/II/02,MEJA MT SN 1207 SOL (DELTAMAS),19-Jan-23,"Rp490,990",,Rino,HRGA & Legal,Deltamas 1,2,MT SN,,,,Active,
136,FA089,Furniture,II,FA089/II/02,MEJA MT SN 1207 SOL (DELTAMAS),19-Jan-23,"Rp490,990",,Gedeon,HRGA & Legal,Deltamas 1,2,MT SN,,,,Active,
137,FA090,Furniture,II,FA090/II/02,MEJA MT SN 1207 SOL (DELTAMAS),19-Jan-23,"Rp490,990",,Iyan Hardiyansah,HRGA & Legal,Deltamas 1,2,MT SN,,,,Active,
138,FA091,Furniture,II,FA091/II/02,MEJA MT SN 1207 SOL (DELTAMAS),19-Jan-23,"Rp490,990",,Joko Prihono,HRGA & Legal,Deltamas 1,2,MT SN,,,,Active,
139,FA092,Furniture,II,FA092/II/02,LEMARI PENYIMPANAN DELTAMAS,19-Jan-23,"Rp1,689,189",,Rino,HRGA & Legal,Deltamas 1,2,EMPU ADAM,,,,Active,
140,FA093,Furniture,II,FA093/II/02,DISPENSER,19-Jan-23,"Rp979,000",,Diki,HRGA & Legal,Deltamas 1,2,Miyako,,,,Active,
141,FA094,Laptop and Komp,III,FA094/III/01,LENOVO NB YOGA SLIM 7/I5 +11357G/8,14-Jan-23,"Rp10,990,991",,Arina,HRGA & Legal,BSD,1,Lenovo,,,,Active,
142,FA095,Laptop and Komp,III,FA095/III/01,LENOVO IDEAPAD SLIM 1 14 |CELERON N4020 4GB SSD 256GB,16-Jan-23,"Rp4,200,000",,Lut Fatul,Sales & Marketing,BSD,1,Lenovo,,,,Active,
143,FA096,Laptop and Komp,III,FA096/III/01,LENOVO IDEAPAD SLIM 1 14 |CELERON N4020 RAM 4GB SSD 256GB,16-Jan-23,"Rp4,200,000",,Rafida,Supply Chain,BSD,1,Lenovo,,,,Active,
144,FA097,Laptop and Komp,III,FA097/III/01,LENOVO IDEAPAD SLIM 1 14 |CELERON N4020 RAM 4GB SSD 256GB,16-Jan-23,"Rp4,200,000",,Atina,Sales & Marketing,BSD,1,Lenovo,,,,Active,
145,FA098,Laptop and Komp,III,FA098/III/01,DELL VOSTRO V3401 |I3-1005G1 RAM 8GB SSD256GB,16-Jan-23,"Rp5,500,000",,Khrisna,Sales & Marketing,BSD,1,Dell,,,,Active,
146,FA099,Laptop and Komp,III,FA099/III/01,DELL VOSTRO V3401 |I3-1005G1 RAM 8GB SSD256GB,28-Jan-23,"Rp5,450,000",,Audrey,Finance & Accounting,BSD,1,Dell,,,,Active,
147,FA100,Laptop and Komp,III,FA100/III/01,LENOVO IDEAPAD SLIM 1 14 |CELERON N4020 RAM 4GB SSD 256GB,28-Jan-23,"Rp3,950,000",,Devi Erliani,Supply Chain,BSD,1,Lenovo,,,,Active,
148,FA101,Furniture,II,FA101/II/01,LOMO WORKING CHAIR LOW BACK BL 15,28-Jan-23,"Rp783,020",,Siska,Finance & Accounting,BSD,1,Informa,,,,Active,
149,FA102,Furniture,II,FA102/II/01,LOMO WORKING CHAIR LOW BACK BL 15,28-Jan-23,"Rp783,020",,Rafida,Supply Chain,BSD,1,Informa,,,,Active,
150,FA103,Furniture,II,FA103/II/01,LOMO WORKING CHAIR LOW BACK BL 15,28-Jan-23,"Rp783,020",,,Business & Digital Development,BSD,1,Informa,,,,Active,
151,FA104,Furniture,II,FA104/II/01,HECTOR OFFICE TABLE WALNUT BLACK,28-Jan-23,"Rp980,000",,,PITD,BSD,1,Informa,,,,Active,
152,FA105,Elektronik,I,FA105/I/01,FEIYUTECH G6 MAX 3-AXIS UHANDHELD GIMBAL,02-Feb-23,"Rp3,037,000",,Yogie,Business & Digital Development,BSD,1,Feiyutech,,,,Active,
153,FA106,Elektronik,I,FA106/I/01,HDD HARDDISK EXTERNAL TOSHIBA CANVIO 1TB,02-Feb-23,"Rp604,600",,,,BSD,1,Toshiba,,,,,
154,FA107,Elektronik,I,FA107/I/01,Camera Sony A6000,02-Feb-23,"Rp13,337,900",,Fattah,Business & Digital Development,BSD,1,Sony,,,,Active,
155,FA108,Elektronik,I,FA108/I/01,LENSA CAMERA (Lensa SONY FE 50 MM),02-Feb-23,"Rp3,438,700",,Yogie,Business & Digital Development,BSD,1,Sony,,,,Active,
156,FA109,Machine and Tooling,V,FA109/V/02,MAKITA 95538 GERINDA TANGAN 4 INC,06-Feb-23,"Rp725,000",,Joko Prihono,QA/QC,Deltamas 1,2,Makita,,,,Active,
157,FA110,Furniture,II,FA110/II/01,HECTOR OFFICE TABLE WALNUT BLACK,09-Feb-23,"Rp854,960",,,Business & Digital Development,BSD,1,Informa,,,,Active,
158,FA111,Furniture,II,FA111/II/01,HECTOR OFFICE TABLE WALNUT BLACK,09-Feb-23,"Rp854,960",,Siska,Finance & Accounting,BSD,1,Informa,,,,Active,
159,FA112,Furniture,II,FA112/II/01,COSMO OFFICE CHAIR LOW BACK BLACK,09-Feb-23,"Rp494,600",,Hari TM,Engineering,BSD,1,Informa,,,,Active,
160,FA113,Furniture,II,FA113/II/01,COSMO OFFICE CHAIR LOW BACK BLACK,09-Feb-23,"Rp494,600",,Khrisna,Sales & Marketing,BSD,1,Informa,,,,Active,
161,FA114,Furniture,II,FA114/II/02,COSMO OFFICE CHAIR LOW BACK BLACK DELTAMAS,09-Feb-23,"Rp494,600",,Rino,HRGA & Legal,Deltamas 1,2,Informa,,,,Active,
162,FA115,Furniture,II,FA115/II/01,COSMO OFFICE CHAIR LOW BACK BLACK,09-Feb-23,"Rp494,600",,Gilbert Bagas,Supply Chain,BSD,1,Informa,,,,Active,
163,FA116,Laptop and Komp,III,FA116/III/01,LENOVO IDEAPAD 3 14 i5 1035G1 8GB 256SSD W10 14.0FHD,15-Feb-23,"Rp8,807,102",,Melisa,Business & Digital Development,BSD,1,Lenovo,,,,Broken,
164,FA117,Laptop and Komp,III,FA117/III/01,LENOVO IDEAPAD SLIM 3I I5-1235U 512GB SSD 8GB ABYSS BLUE,16-Feb-23,"Rp8,647,748",,Stefanus,BOD,BSD,1,Lenovo,,,,Active,
165,FA118,Laptop and Komp,III,FA118/III/02,LENOVO IDEAPAD SLIM 3I I5-1235U 512GB SSD 8GB ABYSS BLUE,16-Feb-23,"Rp8,647,748",,Joko Prihono,QA/QC,Deltamas 1,2,Lenovo,,,,Active,
166,FA119,Machine and Tooling,V,FA119/V/02,KRISBOW HAND PALLET MANUAL NYLON 55X115 CM 3 TON,21-Feb-23,"Rp4,670,500",,Joko Prihono,QA/QC,Deltamas 1,2,Krisbow,,,,Active,
167,FA120,Elektronik,I,FA120/I/01,STRIDER KERTAS,20-Feb-23,"Rp782,000",,Arina,Finance & Accounting,BSD,1,Deli,,,,Active,
168,FA121,Elektronik,I,FA121/I/02,KAMERA CCTV & ASURANSI,20-Feb-23,"Rp887,250",,Rino,HRGA & Legal,Deltamas 1,2,Kris,,,,Active,
169,FA122,Elektronik,I,FA122/I/02,KAMERA CCTV & ASURANSI,20-Feb-23,"Rp887,250",,Rino,HRGA & Legal,Deltamas 1,2,Kris,,,,Active,
170,FA123,Elektronik,I,FA123/I/02,KAMERA CCTV & ASURANSI,20-Feb-23,"Rp887,250",,Rino,HRGA & Legal,Deltamas 1,2,Kris,,,,Active,
171,FA124,Elektronik,I,FA124/I/02,KAMERA CCTV & ASURANSI,20-Feb-23,"Rp887,250",,Rino,HRGA & Legal,Deltamas 1,2,Kris,,,,Active,
172,FA125,Elektronik,I,FA125/I/02,KAMERA CCTV & ASURANSI,20-Feb-23,"Rp887,250",,Rino,HRGA & Legal,Deltamas 1,2,Kris,,,,Active,
173,FA126,Elektronik,I,FA126/I/02,KAMERA CCTV & ASURANSI,20-Feb-23,"Rp887,250",,Rino,HRGA & Legal,Deltamas 1,2,Kris,,,,Active,
174,FA127,Elektronik,I,FA127/I/02,KAMERA CCTV & ASURANSI,20-Feb-23,"Rp887,250",,Rino,HRGA & Legal,Deltamas 1,2,Kris,,,,Active,
175,FA128,Elektronik,I,FA128/I/02,KAMERA CCTV & ASURANSI,20-Feb-23,"Rp887,250",,Rino,HRGA & Legal,Deltamas 1,2,Kris,,,,Active,
176,FA129,Elektronik,I,FA129/I/02,KAMERA CCTV & ASURANSI,20-Feb-23,"Rp887,250",,Rino,HRGA & Legal,Deltamas 1,2,Kris,,,,Active,
177,FA130,Elektronik,I,FA130/I/02,KAMERA CCTV & ASURANSI,20-Feb-23,"Rp887,250",,Rino,HRGA & Legal,Deltamas 1,2,Kris,,,,Active,
178,FA131,Elektronik,I,FA131/I/02,KAMERA CCTV & ASURANSI,20-Feb-23,"Rp887,250",,Rino,HRGA & Legal,Deltamas 1,2,Kris,,,,Active,
179,FA132,Elektronik,I,FA132/I/02,KAMERA CCTV & ASURANSI,20-Feb-23,"Rp887,250",,Rino,HRGA & Legal,Deltamas 1,2,Kris,,,,Active,
180,FA133,Elektronik,I,FA133/I/02,KAMERA CCTV & ASURANSI,20-Feb-23,"Rp887,250",,Rino,HRGA & Legal,Deltamas 1,2,Kris,,,,Active,
181,FA134,Elektronik,I,FA134/I/02,KAMERA CCTV & ASURANSI,20-Feb-23,"Rp887,250",,Rino,HRGA & Legal,Deltamas 1,2,Kris,,,,Active,
182,FA135,Elektronik,I,FA135/I/02,KAMERA CCTV & ASURANSI,20-Feb-23,"Rp887,250",,Rino,HRGA & Legal,Deltamas 1,2,Kris,,,,Active,
183,FA136,Elektronik,I,FA136/I/02,KAMERA CCTV & ASURANSI,20-Feb-23,"Rp887,250",,Rino,HRGA & Legal,Deltamas 1,2,Kris,,,,Active,
184,FA137,Elektronik,I,FA137/I/02,KAMERA EZVIZ,20-Feb-23,"Rp1,199,000",,Rino,HRGA & Legal,Deltamas 1,2,EZVIZ,,,,Active,
185,FA138,Elektronik,I,FA138/I/01,PRINTER EPSON LX 310,21-Feb-23,"Rp4,500,000",,Cokyat,Supply Chain,BSD,1,Epson,,,,Active,
186,FA139,Laptop and Komp,III,FA139/III/01,LENOVO FLEX 5,21-Feb-23,"Rp11,261,261",,Ranti,PITD,BSD,1,Lenovo,,,,Active,
187,FA140,Laptop and Komp,III,FA140/III/01,LENOVO FLEX 5,23-Feb-23,"Rp11,261,261",,Gabriella,PITD,BSD,1,Lenovo,,,,Active,
188,FA141,Laptop and Komp,III,FA141/III/02,PC ADMIN DELTAMAS,21-Feb-23,"Rp3,800,000",,Rino,HRGA & Legal,Deltamas 1,2,,,,,Active,
189,FA142,Laptop and Komp,III,FA142/III/02,PC PAK TRI,21-Feb-23,"Rp11,936,937",,Rino,Engineering,Deltamas 1,2,,,,,Active,
190,FA143,Laptop and Komp,III,FA143/III/01,"PC OTSUKA (Monitor LG, PC, Keyboard)",23-Feb-23,"Rp25,675,676",,Hari TM,Engineering,BSD,1,LG,,,,Active,
191,FA144,Elektronik,I,FA144/I/01,PRINTER EPSON L6490,03-Feb-23,"Rp5,315,315",,Daniella,HRGA & Legal,BSD,1,Epson,,,,Active,
192,FA145,Furniture,II,FA145/II/02,MEJA TULIS ORBITREND COSMIC SERIS CST 1061,28-Feb-23,"Rp850,000",,Harmoko,HRGA & Legal,Deltamas 1,2,,,,,Active,
193,FA146,Elektronik,I,FA146/I/01,"NETAC SSD 1TB NVME, (LAPTOP PAK ADI)",08-Mar-23,"Rp1,621,622",,Adi Kusumah,Engineering,BSD,1,,,,,Active,
194,FA147,Laptop and Komp,III,FA147/III/01,LENOVO IDEAPAD SLIM 5 PRO 14IA P7 I7 1260P 16GB I TB,08-Mar-23,"Rp14,864,872",,Harmoko,Engineering,BSD,1,Lenovo,,,,Active,
195,FA148,Laptop and Komp,III,FA148/III/01,MACBOOK APPMNEJ3I MBP 13.3 SG/M2,08-Mar-23,"Rp22,521,622",,Joseline,PITD,BSD,1,Apple,,,,Active,
196,FA149,Elektronik,I,FA149/I/02,AC DELTAMAS,13-Mar-23,"Rp5,293,874",,Rino,HRGA & Legal,Deltamas 1,2,Sharp,,,,Active,
197,FA150,Laptop and Komp,III,FA150/III/01,LENOVO IDEAPAD FLEX 5 14IUA7 I7 1255U 16GB 512GBSSD,29-Mar-23,"Rp12,927,935",,,PITD,BSD,1,Lenovo,,,,Active,
198,FA151,Elektronik,I,FA151/I/02,XIAOMI REDMI 10 | 6GB/128GB |WHITE,10-Mar-23,"Rp2,323,900",,,Sales & Marketing,Deltamas 1,2,Xiaomi,,,,Active,
199,FA153,Furniture,II,FA153/II/02,MEJA OFFICE STAFF (DELTAMAS),12-Mar-23,"Rp617,500",,,HRGA & Legal,Deltamas 1,2,Informa,,,,Active,
200,FA154,Furniture,II,FA154/II/02,MEJA OFFICE STAFF (DELTAMAS),12-Mar-23,"Rp617,500",,Adelia,HRGA & Legal,Deltamas 1,2,Informa,,,,Active,
201,FA155,Furniture,II,FA155/II/02,MEJA OFFICE STAFF (DELTAMAS),12-Mar-23,"Rp617,500",,,HRGA & Legal,Deltamas 1,2,Informa,,,,Active,
202,FA156,Furniture,II,FA156/II/02,MEJA OFFICE STAFF (DELTAMAS),12-Mar-23,"Rp617,500",,,HRGA & Legal,Deltamas 1,2,Informa,,,,Active,
203,FA157,Furniture,II,FA157/II/02,KURSI OFFICE STAFF (DELTAMAS),12-Mar-23,"Rp617,500",,Adelia,HRGA & Legal,Deltamas 1,2,,,,,Active,
204,FA158,Furniture,II,FA158/II/02,KURSI OFFICE STAFF (DELTAMAS),12-Mar-23,"Rp617,500",,Iyan Hardiyansah,HRGA & Legal,Deltamas 1,2,,,,,Active,
205,FA159,Furniture,II,FA159/II/02,KURSI OFFICE STAFF (DELTAMAS),12-Mar-23,"Rp617,500",,Joko Prihono,HRGA & Legal,Deltamas 1,2,,,,,Active,
206,FA160,Furniture,II,FA160/II/02,KURSI OFFICE STAFF (DELTAMAS),12-Mar-23,"Rp617,500",,Gedeon,HRGA & Legal,Deltamas 1,2,,,,,Active,
207,FA161,Furniture,II,FA161/II/02,MOTHANA MEETING TABLE (DELTAMAS),12-Mar-23,"Rp6,120,475",,Rino,HRGA & Legal,Deltamas 1,2,Informa,,,,Active,
208,FA162,Furniture,II,FA162/II/02,SHIELD TASK CHAIR BLACK (DELTAMAS),12-Mar-23,"Rp1,181,275",,Rino,HRGA & Legal,Deltamas 1,2,Sunon,,,,Active,
209,FA163,Furniture,II,FA163/II/02,SHIELD TASK CHAIR BLACK (DELTAMAS),12-Mar-23,"Rp1,181,275",,Rino,HRGA & Legal,Deltamas 1,2,Sunon,,,,Active,
210,FA164,Furniture,II,FA164/II/02,SHIELD TASK CHAIR BLACK (DELTAMAS),12-Mar-23,"Rp1,181,275",,Rino,HRGA & Legal,Deltamas 1,2,Sunon,,,,Active,
211,FA165,Furniture,II,FA165/II/02,SHIELD TASK CHAIR BLACK (DELTAMAS),12-Mar-23,"Rp1,181,275",,Rino,HRGA & Legal,Deltamas 1,2,Sunon,,,,Active,
212,FA166,Furniture,II,FA166/II/02,SHIELD TASK CHAIR BLACK (DELTAMAS),12-Mar-23,"Rp1,181,275",,Rino,HRGA & Legal,Deltamas 1,2,Sunon,,,,Active,
213,FA167,Furniture,II,FA167/II/02,SHIELD TASK CHAIR BLACK (DELTAMAS),12-Mar-23,"Rp1,181,275",,Rino,HRGA & Legal,Deltamas 1,2,Sunon,,,,Active,
214,FA168,Furniture,II,FA168/II/02,JANSON STORAGE SHELVING (DELTAMAS),12-Mar-23,"Rp618,310",,Rino,HRGA & Legal,Deltamas 1,2,Janson,,,,Active,
215,FA169,Furniture,II,FA169/II/02,JANSON STORAGE SHELVING (DELTAMAS),12-Mar-23,"Rp618,310",,Rino,HRGA & Legal,Deltamas 1,2,Janson,,,,Active,
216,FA170,Furniture,II,FA170/II/02,LIVERPOOL WORKING CHAIR HIGH B (DELTAMAS),12-Mar-23,"Rp1,083,275",,Harmoko,HRGA & Legal,Deltamas 1,2,Liverpool,,,,Active,
217,FA171,Furniture,II,FA171/II/02,LIVERPOOL WORKING CHAIR HIGH B (DELTAMAS),12-Mar-23,"Rp1,083,275",,Harmoko,Business & Digital Development,Deltamas 1,2,Liverpool,,,,Active,
218,FA172,Machine and Tooling,V,FA172/V/02,SIGMAT DIGITAL MITUTOYO 200 MM / 8 INCHI / VERNIER CALIPER/ ALAT UKUR,03-Mar-23,"Rp1,471,300",,Iyan Hardiyansah,QA/QC,Deltamas 1,2,Mitutoyo,,,,Active,
219,FA173,Elektronik,I,FA173/I/01,PRINTER EPSON L1300,04-Apr-23,"Rp6,500,000",,Hari TM,Engineering,BSD,1,Epson,,,,Active,
220,FA174,Furniture,II,FA174/II/01,LOMO WORKING CHAIR LOW BACK BL 15,02-Apr-23,"Rp799,000",,Hendra Nur,Supply Chain,BSD,1,Informa,,,,Active,
221,FA175,Furniture,II,FA175/II/01,LOMO WORKING CHAIR LOW BACK BL 15,02-Apr-23,"Rp799,000",,,Business & Digital Development,BSD,1,Informa,,,,Active,
222,FA176,Furniture,II,FA176/II/01,LOMO WORKING CHAIR LOW BACK BL 15,02-Apr-23,"Rp799,000",,Devi Erliani,Supply Chain,BSD,1,Informa,,,,Active,
223,FA177,Furniture,II,FA177/II/01,LOMO WORKING CHAIR LOW BACK BL 15,02-Apr-23,"Rp799,000",,Ranti,PITD,BSD,1,Informa,,,,Active,
224,FA178,Furniture,II,FA178/II/01,LOMO WORKING CHAIR LOW BACK BL 15,02-Apr-23,"Rp799,000",,Yogie,Business & Digital Development,BSD,1,Informa,,,,Active,
225,FA179,Furniture,II,FA179/II/01,LOMO WORKING CHAIR LOW BACK BL 15,02-Apr-23,"Rp799,000",,,Engineering,BSD,1,Informa,,,,Active,
226,FA180,Furniture,II,FA180/II/01,LOMO WORKING CHAIR LOW BACK BL 15,02-Apr-23,"Rp799,000",,Fitria,Finance & Accounting,BSD,1,Informa,,,,Active,
227,FA181,Furniture,II,FA181/II/01,LOMO WORKING CHAIR LOW BACK BL 15,02-Apr-23,"Rp799,000",,Adi Kusumah,Engineering,BSD,1,Informa,,,,Active,
228,FA182,Furniture,II,FA182/II/01,LOMO WORKING CHAIR LOW BACK BL 15,02-Apr-23,"Rp799,000",,Agus RH,Engineering,BSD,1,Informa,,,,Active,
229,FA183,Furniture,II,FA183/II/01,LOMO WORKING CHAIR LOW BACK BL 15,02-Apr-23,"Rp799,000",,Rifky Fauzi,Engineering,BSD,1,Informa,,,,Active,
230,FA184,Furniture,II,FA184/II/01,LOMO WORKING CHAIR LOW BACK BL 15,02-Apr-23,"Rp799,000",,Alvin,Supply Chain,BSD,1,Informa,,,,Active,
231,FA185,Furniture,II,FA185/II/01,LOMO WORKING CHAIR LOW BACK BL 15,02-Apr-23,"Rp799,000",,,Sales & Marketing,BSD,1,Informa,,,,Active,
232,FA186,Furniture,II,FA186/II/01,LOMO WORKING CHAIR LOW BACK BL 15,02-Apr-23,"Rp799,000",,Cokyat,Supply Chain,BSD,1,Informa,,,,Active,
233,FA187,Furniture,II,FA187/II/01,LOMO WORKING CHAIR LOW BACK BL 15,02-Apr-23,"Rp799,000",,Eka Puteri,Sales & Marketing,BSD,1,Informa,,,,Active,
234,FA188,Furniture,II,FA188/II/01,LOMO WORKING CHAIR LOW BACK BL 15,02-Apr-23,"Rp799,000",,Carissa,HRGA & Legal,BSD,1,Informa,,,,Active,
235,FA189,Furniture,II,FA189/II/01,HECTOR OFFICE TABLE WALNUT BLACK,02-Apr-23,"Rp1,198,800",,,Sales & Marketing,BSD,1,Informa,,,,Active,
236,FA190,Furniture,II,FA190/II/01,HECTOR OFFICE TABLE WALNUT BLACK,02-Apr-23,"Rp1,198,800",,Agus RH,Engineering,BSD,1,Informa,,,,Active,
237,FA191,Furniture,II,FA191/II/01,HECTOR OFFICE TABLE WALNUT BLACK,02-Apr-23,"Rp1,198,800",,Devi Erliani,Supply Chain,BSD,1,Informa,,,,Active,
238,FA192,Furniture,II,FA192/II/01,HECTOR OFFICE TABLE WALNUT BLACK,02-Apr-23,"Rp1,198,800",,,Business & Digital Development,BSD,1,Informa,,,,Active,
239,FA193,Furniture,II,FA193/II/01,HECTOR OFFICE TABLE WALNUT BLACK,02-Apr-23,"Rp1,198,800",,Gilbert Bagas,Supply Chain,BSD,1,Informa,,,,Active,
240,FA194,Furniture,II,FA194/II/01,HECTOR OFFICE TABLE WALNUT BLACK,02-Apr-23,"Rp1,198,800",,Fattah,Business & Digital Development,BSD,1,Informa,,,,Active,
241,FA195,Furniture,II,FA195/II/01,HECTOR OFFICE TABLE WALNUT BLACK,02-Apr-23,"Rp1,198,800",,Bilkis Ismail,PITD,BSD,1,Informa,,,,Active,
242,FA196,Furniture,II,FA196/II/01,HECTOR OFFICE TABLE WALNUT BLACK,02-Apr-23,"Rp1,198,800",,,Sales & Marketing,BSD,1,Informa,,,,Active,
243,FA197,Furniture,II,FA197/II/01,HECTOR OFFICE TABLE WALNUT BLACK,02-Apr-23,"Rp1,198,800",,,Engineering,BSD,1,Informa,,,,Active,
244,FA198,Furniture,II,FA198/II/01,HECTOR OFFICE TABLE WALNUT BLACK,02-Apr-23,"Rp1,198,800",,Cokyat,Supply Chain,BSD,1,Informa,,,,Active,
245,FA199,Furniture,II,FA199/II/01,HECTOR OFFICE TABLE WALNUT BLACK,02-Apr-23,"Rp1,198,800",,Carissa,HRGA & Legal,BSD,1,Informa,,,,Active,
246,FA200,Furniture,II,FA200/II/01,HECTOR OFFICE TABLE WALNUT BLACK,02-Apr-23,"Rp1,198,800",,,Sales & Marketing,BSD,1,Informa,,,,Active,
247,FA201,Furniture,II,FA201/II/01,HECTOR OFFICE TABLE WALNUT BLACK,02-Apr-23,"Rp1,198,800",,Hendra Nur,Supply Chain,BSD,1,Informa,,,,Active,
248,FA202,Furniture,II,FA202/II/01,HECTOR OFFICE TABLE WALNUT BLACK,02-Apr-23,"Rp1,198,800",,,HRGA & Legal,BSD,1,Informa,,,,Active,
249,FA203,Furniture,II,FA203/II/01,HECTOR OFFICE TABLE WALNUT BLACK,02-Apr-23,"Rp1,198,800",,Audrey,Finance & Accounting,BSD,1,Informa,,,,Active,
250,FA204,Furniture,II,FA204/II/01,MJOLNIR WORKING CHAIR LOWBACK 4,02-Apr-23,"Rp829,500",,Stefanus,BOD,BSD,1,Informa,,,,Active,
251,FA205,Furniture,II,FA205/II/01,MJOLNIR WORKING CHAIR LOWBACK 4,02-Apr-23,"Rp829,500",,Harmoko,Engineering,BSD,1,Informa,,,,Active,
252,FA206,Furniture,II,FA206/II/01,MJOLNIR WORKING CHAIR LOWBACK 4,02-Apr-23,"Rp829,500",,Chendy,BOD,BSD,1,Informa,,,,Active,
253,FA207,Furniture,II,FA207/II/01,MJOLNIR WORKING CHAIR LOWBACK 4,02-Apr-23,"Rp829,500",,Joseline,BOD,BSD,1,Informa,,,,Active,
254,FA208,Furniture,II,FA208/II/03,JASON STORAGE SHELVING 2,02-Apr-23,"Rp584,550",,,HRGA & Legal,Deltamas 2,3,,,,,Broken,
255,FA209,Furniture,II,FA209/II/03,JASON STORAGE SHELVING 2,02-Apr-23,"Rp584,550",,,HRGA & Legal,Deltamas 2,3,,,,,Broken,
256,FA210,Furniture,II,FA210/II/01,MAINE STAFF DESK 140 KALDI WOO 4,02-Apr-23,"Rp1,959,020",,Felix Firmansyah,Finance & Accounting,BSD,1,,,,,Active,
257,FA211,Furniture,II,FA211/II/01,MAINE STAFF DESK 140 KALDI WOO 4,02-Apr-23,"Rp1,959,020",,Shela Oktania,BOD,BSD,1,,,,,Active,
258,FA212,Furniture,II,FA212/II/01,MAINE STAFF DESK 140 KALDI WOO 4,02-Apr-23,"Rp1,959,020",,Harmoko,Engineering,BSD,1,,,,,Active,
259,FA213,Furniture,II,FA213/II/01,MAINE STAFF DESK 140 KALDI WOO 4,02-Apr-23,"Rp1,959,020",,Stefanus,BOD,BSD,1,,,,,Active,
260,FA214,Furniture,II,FA214/II/01,MANDOLINE CHAIR BLACK 2,02-Apr-23,"Rp939,820",,,HRGA & Legal,BSD,1,,,,,Active,
261,FA215,Furniture,II,FA215/II/01,MANDOLINE CHAIR BLACK 2,02-Apr-23,"Rp939,820",,,HRGA & Legal,BSD,1,,,,,Active,
262,FA216,Furniture,II,FA216/II/01,MILLBURN TABLE DIA52CMXH50CM B,02-Apr-23,"Rp1,273,020",,Hari TM,Engineering,BSD,1,,,,,Active,
263,FA217,Furniture,II,FA217/II/01,CARTER HIGH CABINET GLASSDOOR 2,02-Apr-23,"Rp3,135,000",,Melisa,Business & Digital Development,BSD,1,Carter,,,,Active,
264,FA218,Furniture,II,FA218/II/01,CARTER HIGH CABINET GLASSDOOR 2,02-Apr-23,"Rp3,135,000",,Corneleo,Sales & Marketing,BSD,1,Carter,,,,Active,
265,FA219,Elektronik,I,FA219/I/01,EVAPORATIVE AIR COOLER 2500 CM,03-Apr-23,"Rp3,299,000",,Hari TM,Engineering,BSD,1,,,,,Active,
266,FA220,Elektronik,I,FA220/I/01,VACUUM WET & DRY HOME USE BUD,03-Apr-23,"Rp1,469,000",,Dimas,HRGA & Legal,BSD,1,Krisbow,,,,Active,
267,FA222,Elektronik,I,FA222/I/01,KULKAS POLYTRON HITAM,04-Apr-23,"Rp3,549,000",,Dimas,HRGA & Legal,BSD,1,Polytron,,,,Active,
268,FA223,Elektronik,I,FA223/I/01,DISPENSER SANKEN,04-Apr-23,"Rp1,900,000",,Arina,HRGA & Legal,BSD,1,Sanken,,,,Active,
269,FA224,Furniture,II,FA224/II/01,CARTER HIGH CABINET GLASSDOOR,13-Apr-23,"Rp3,199,000",,Arina,HRGA & Legal,BSD,1,Carter,,,,Active,
270,FA225,Furniture,II,FA225/II/03,JASON STORAGE SHELVING,13-Apr-23,"Rp584,550",,Rino,HRGA & Legal,Deltamas 2,3,,,,,Active,
271,FA226,Furniture,II,FA226/II/03,JASON STORAGE SHELVING,13-Apr-23,"Rp584,550",,Rino,HRGA & Legal,Deltamas 2,3,,,,,Active,
272,FA227,Furniture,II,FA227/II/01,GEMINI DESK CONCRETE,11-Apr-23,"Rp1,999,000",,Chendy,BOD,BSD,1,Informa,,,,Active,
273,FA228,Furniture,II,FA228/II/01,GEMINI CABINET CONCERTA (U/2),11-Apr-23,"Rp2,499,000",,Chendy,BOD,BSD,1,Informa,,,,Active,
274,FA229,Furniture,II,FA229/II/02,PABX DELTAMAS,13-Apr-23,"Rp1,790,200",,Rino,HRGA & Legal,Deltamas 1,2,Panasonic,,,,Active,
275,FA230,Elektronik,I,FA230/I/02,SMART LIFE DOOR LOCK KACA FRAMELESS GLASS TO GLASS DL06,10-Apr-23,"Rp1,585,500",,Dimas,HRGA & Legal,Deltamas 1,2,,,,,Active,
276,FA231,Furniture,II,FA231/II/01,BRACKET STANDING BRECKET STAND TV BRAKET 43-55 INCH,14-Apr-23,"Rp584,500",,Rino,HRGA & Legal,BSD,1,,,,,Active,
277,FA232,Machine and Tooling,V,FA232/V/02,MITUTOYO HIGH GATE 300MM,25-May-23,"Rp12,935,000",,Iyan Hardiyansah,QA/QC,Deltamas 1,2,Mitutoyo,,,,Active,
278,FA233,Machine and Tooling,V,FA233/V/02,MITUTOYO CALIPER 200 MM,25-May-23,"Rp950,000",,Iyan Hardiyansah,QA/QC,Deltamas 1,2,Mitutoyo,,,"Rusak, tidak optimal",Active,
279,FA234,Laptop and Komp,III,FA234/III/01,LENOVO IDEAPAD LIM 3 14IUA7 1255U 8GB,06-May-23,"Rp10,360,368",,Rubi,PITD,BSD,1,Lenovo,,,,Active,
280,FA235,Laptop and Komp,III,FA235/III/01,LENOVO GAMING 3 15ACH6 RYZEN,06-May-23,"Rp11,801,802",,Yogie,Business & Digital Development,BSD,1,Lenovo,,,,Active,
281,FA236,Elektronik,I,FA236/I/01,3200 MBPS WI-FI 6 DUAL BAND GIGABIT MESG ROUTER,10-May-23,"Rp1,260,000",,Arina,HRGA & Legal,BSD,1,Ruijie,,,,Active,
282,FA320,Elektronik,I,FA320/I/01,3200 MBPS WI-FI 6 DUAL BAND GIGABIT MESG ROUTER,10-May-23,"Rp1,260,000",,Hari TM,Engineering,BSD,1,,,,,Active,
283,FA237,Elektronik,I,FA237/I/01,PRINTER EPSON L121 L-121 HITAM PRINT WARNA INFUS MODIF INK TANK PABRIK,10-May-23,"Rp1,860,100",,Rifky Fauzi,Engineering,BSD,1,Epson,,,,Active,
284,FA238,Laptop and Komp,III,FA238/III/01,HP ENVY X360 13 BF0089TU,24-May-23,"Rp14,234,241",,Shela Oktania,HRGA & Legal,BSD,1,HP,,,,Active,
285,FA239,Furniture,II,FA239/II/01,LOMO WORKING CHAIR LOW BACK BL 15,31-May-23,"Rp758,400",,Marcel,PITD,BSD,1,Informa,,,,Active,
286,FA240,Furniture,II,FA240/II/01,LOMO WORKING CHAIR LOW BACK BL 15,31-May-23,"Rp758,400",,Fattah,Business & Digital Development,BSD,1,Informa,,,,Active,
287,FA241,Furniture,II,FA241/II/01,HECTOR OFFICE TABLE WALNUT BLACK,31-May-23,"Rp882,000",,,Business & Digital Development,BSD,1,Informa,,,,Active,
288,FA242,Furniture,II,FA242/II/01,HECTOR OFFICE TABLE WALNUT BLACK,31-May-23,"Rp882,000",,Adi Kusumah,Engineering,BSD,1,Informa,,,,Active,
289,FA247,Kendaraan,IV,FA247/IV/02,Truk Isuzu Elf NKR 55 CC E2-1,01-Jun-23,"Rp140,000,000",,Gilang R,HRGA & Legal,Deltamas 1,2,Isuzu,,,,Active,
290,FA243,Elektronik,I,FA243/I/01,HP SAMSUNG AD44 3/32 BLACK (NEW),07-Jun-23,"Rp1,250,000",,Khrisna,Sales & Marketing,BSD,1,Samsung,,,,Active,
291,FA244,Machine and Tooling,V,FA244/V/01,1 3D SCANNER,16-Sep-15,"Rp164,494,380",,Adi Kusumah,Engineering,BSD,1,,,,,Active,
292,FA245,Machine and Tooling,V,FA245/V/01,1 LICENSE GEOMAGIC,21-Dec-17,"Rp99,528,660",,Adi Kusumah,Engineering,BSD,1,,,,,Active,
293,FA246,Machine and Tooling,V,FA246/V/01,1 HANDHELD 3D SCANNER,15-May-19,"Rp293,425,000",,Adi Kusumah,Engineering,BSD,1,,,,,Active,
294,FA248,Elektronik,I,FA248/I/01,Saramonic Blink 500 PRO X Q20 Wireless Microphone PROX Q20,20-Jun-23,"Rp1,836,500",,Yogie,Business & Digital Development,BSD,1,Saramonic,,,,Active,
295,FA249,Machine and Tooling,V,FA249/V/01,Troli Krisbow Barang 150 Kg,22-Jun-23,"Rp542,210",,Dimas,HRGA & Legal,BSD,1,Krisbow,,,,Active,
296,FA250,Furniture,II,FA250/II/01,SOFA RUANG BOD,05-Jul-23,"Rp2,250,000",,Chendy,BOD,BSD,1,,,,,Active,
297,FA251,Elektronik,I,FA251/I/02,MESIN ABSENSI SOLUTION,14-Jul-23,"Rp1,500,000",,Rino,HRGA & Legal,Deltamas 1,2,Solution,,,,Active,
298,FA252,Elektronik,I,FA252/I/01,SSD M2 NVME / M.2 NVME/ M2NVME 1TB KAIZEN RESMI,20-Jul-23,"Rp627,700",,,Engineering,BSD,1,Kaizen,,,Laptop Pak Hari,Active,
299,FA253,Furniture,II,FA253/II/02,Tempat sampah besar 100 Liter + roda- Kuning,20-Jul-23,"Rp697,600",,Rino,HRGA & Legal,Deltamas 1,2,,,,,Active,
300,FA254,Furniture,II,FA254/II/02,TEMPAT SAMPAH HIJAU 660 LITER RODA,22-Jul-23,"Rp1,399,000",,Rino,HRGA & Legal,Deltamas 1,2,,,,,Active,
301,FA255,Elektronik,I,FA255/I/01,AUSDOM AF640 WEB CAMERA,28-Jul-23,"Rp538,450",,Dimas,HRGA & Legal,BSD,1,Ausdom,,,,Active,
302,FA256,Furniture,II,FA256/II/02,BRACKET STANDING TV,28-Jul-23,"Rp531,600",,Rino,HRGA & Legal,Deltamas 1,2,,,,,Active,
303,FA257,Machine and Tooling,V,FA257/V/02,GRINDER BOSCH GWS060,28-Jul-23,"Rp398,630",,,Operational,Deltamas 1,2,Bosch,,,,Broken,
304,FA258,Machine and Tooling,V,FA258/V/02,BOR CORDLESS RYU IMPACT DRILL 20V,28-Jul-23,"Rp1,074,900",,Rino,HRGA & Legal,Deltamas 1,2,Ryu,,,,Active,
305,FA259,Furniture,II,FA259/II/02,MADANI SINGLE CHAIR BROWN,27-Jul-23,"Rp999,000",,,HRGA & Legal,Deltamas 1,2,Informa,,,,Active,
306,FA260,Furniture,II,FA260/II/02,MADANI SINGLE CHAIR BROWN,27-Jul-23,"Rp999,000",,,HRGA & Legal,Deltamas 1,2,Informa,,,,Active,
307,FA261,Furniture,II,FA261/II/02,NEO LONDON ELM STOOL COFFE,26-Jul-23,"Rp379,000",,,HRGA & Legal,Deltamas 1,2,Informa,,,,Active,
308,FA262,Furniture,II,FA262/II/02,NEO LONDON ELM STOOL COFFE,26-Jul-23,"Rp379,000",,,HRGA & Legal,Deltamas 1,2,Informa,,,,Active,
309,FA263,Furniture,II,FA263/II/02,NEO LONDON ELM STOOL COFFE,26-Jul-23,"Rp379,000",,,HRGA & Legal,Deltamas 1,2,Informa,,,,Active,
310,FA264,Furniture,II,FA264/II/02,NEO LONDON ELM STOOL COFFE,26-Jul-23,"Rp379,000",,,HRGA & Legal,Deltamas 1,2,Informa,,,,Active,
311,FA265,Furniture,II,FA265/II/02,NEO LONDON ELM STOOL COFFE,26-Jul-23,"Rp379,000",,,HRGA & Legal,Deltamas 1,2,Informa,,,,Active,
312,FA266,Furniture,II,FA266/II/02,NEO LONDON ELM STOOL COFFE,26-Jul-23,"Rp379,000",,,HRGA & Legal,Deltamas 1,2,Informa,,,,Active,
313,FA267,Furniture,II,FA267/II/02,NEO LONDON ELM STOOL COFFE,26-Jul-23,"Rp379,000",,,HRGA & Legal,Deltamas 1,2,Informa,,,,Active,
314,FA268,Furniture,II,FA268/II/02,NEO LONDON ELM STOOL COFFE,26-Jul-23,"Rp379,000",,,HRGA & Legal,Deltamas 1,2,Informa,,,,Active,
315,FA269,Furniture,II,FA269/II/02,NEO LONDON ELM STOOL COFFE,26-Jul-23,"Rp379,000",,,HRGA & Legal,Deltamas 1,2,Informa,,,,Active,
316,FA270,Furniture,II,FA270/II/02,NEO LONDON ELM STOOL COFFE,26-Jul-23,"Rp379,000",,,HRGA & Legal,Deltamas 1,2,Informa,,,,Active,
317,FA271,Furniture,II,FA271/II/02,NEO LONDON ELM STOOL COFFE,26-Jul-23,"Rp379,000",,,HRGA & Legal,Deltamas 1,2,Informa,,,,Active,
318,FA272,Furniture,II,FA272/II/02,NEO LONDON ELM STOOL COFFE,26-Jul-23,"Rp379,000",,,HRGA & Legal,Deltamas 1,2,Informa,,,,Active,
319,FA273,Furniture,II,FA273/II/02,NEO LONDON ELM STOOL COFFE,26-Jul-23,"Rp379,000",,,HRGA & Legal,Deltamas 1,2,Informa,,,,Active,
320,FA274,Furniture,II,FA274/II/02,NEO LONDON ELM STOOL COFFE,26-Jul-23,"Rp379,000",,,HRGA & Legal,Deltamas 1,2,Informa,,,,Active,
321,FA275,Furniture,II,FA275/II/02,NEO LONDON ELM STOOL COFFE,26-Jul-23,"Rp379,000",,,HRGA & Legal,Deltamas 1,2,Informa,,,,Active,
322,FA276,Furniture,II,FA276/II/02,EDEN M 2S LOUNGE CHAIR BROWN,27-Jul-23,"Rp3,200,000",,,HRGA & Legal,Deltamas 1,2,Informa,,,,Active,
323,FA277,Furniture,II,FA277/II/02,MANFORD X TABLE DIA 50XH60CM MOZAIC,27-Jul-23,"Rp599,000",,,HRGA & Legal,Deltamas 1,2,Informa,,,,Active,
324,FA278,Furniture,II,FA278/II/02,LONDON ELM TABLE 110X55X45CM BLACK,27-Jul-23,"Rp1,799,000",,,HRGA & Legal,Deltamas 1,2,Informa,,,,Active,
325,FA279,Furniture,II,FA279/II/02,KIEV MULTI LOCKER 12 DOOR LIGHT BROWN,27-Jul-23,"Rp2,199,000",,Rino,HRGA & Legal,Deltamas 1,2,Informa,,,,Active,
326,FA280,Laptop and Komp,III,FA280/III/01,Laptop ACER SWIFT GO OLED I7,13-Jul-23,"Rp15,380,000",,Chendy,BOD,BSD,1,Acer,,,,Active,
327,FA281,Machine and Tooling,V,FA281/V/02,Screw Compressor Bekas Atlas Copco GA37,04-Aug-23,"Rp40,000,000",,,Operational,Deltamas 1,2,Atlas,,,,Broken,
328,FA282,Furniture,II,FA282/II/02,Lemari Dokumen Deltamas,10-Aug-23,"Rp10,687,500",,Rino,HRGA & Legal,Deltamas 1,2,Empu Adam,,,,Active,
329,FA283,Elektronik,I,FA283/I/02,DISPENSER MIYAKO WDP-300 Variant: 27kg,14-Aug-23,"Rp950,000",,Iyan Hardiyansah,HRGA & Legal,Deltamas 1,2,Miyako,,,,Active,
330,FA284,Machine and Tooling,V,FA284/V/02,Tangki Udara,21-Aug-23,"Rp11,483,000",,Joko Prihono,QA/QC,Deltamas 1,2,Future Star,,,,Active,
331,FA285,Machine and Tooling,V,FA285/V/02,Air Dryer,21-Aug-23,"Rp12,883,000",,Joko Prihono,QA/QC,Deltamas 1,2,,,,,Active,
332,FA286,Machine and Tooling,V,FA286/V/02,MITUTOYO | Dial Test Indicator | 1.0/.01mm 513- 415-10H,21-Aug-23,"Rp1,607,700",,Iyan Hardiyansah,QA/QC,Deltamas 1,2,Mitutoyo,,,"Rusak, tidak optimal",Active,
333,FA287,Machine and Tooling,V,FA287/V/02,Mesin Las Trafo Las Inverter Lakoni Falcon 205A 205 A 200 Berat : 10 kg,23-Aug-23,"Rp2,820,000",,Joko Prihono,QA/QC,Deltamas 1,2,Lakoni,,,,Active,
334,FA288,Machine and Tooling,V,FA288/V/02,Mesin Cutting Wheel Mesin Potong Besi Cut Off Maktec MT243 MT 243 Berat  : 17.70 kg,23-Aug-23,"Rp1,856,000",,,QA/QC,Deltamas 1,2,Makita,,,,Broken,
335,FA291,Laptop and Komp,III,FA291/III/01,Lenovo Slim 3 i3 1115G4 8GB 256GB SSD Win 11+OHS,01-Sep-23,"Rp5,675,676",,Cokyat,Supply Chain,BSD,1,Lenovo,,,,Active,
336,FA292,Furniture,II,FA292/II/02,Lemari arsip besi 2 pintu sliding kaca geser AA MS,06-Sep-23,"Rp1,275,000",,Iyan Hardiyansah,HRGA & Legal,Deltamas 1,2,,,,,Active,
337,FA293,Furniture,II,FA293/II/02,Lemari arsip besi 2 pintu sliding kaca geser AA MS,06-Sep-23,"Rp1,275,000",,Rino,HRGA & Legal,Deltamas 1,2,,,,,Active,
338,FA294,Elektronik,I,FA294/I/02,IMBA Office PC | i3-12100 | UHD 730 | 8GB | Rakitan Mini PC,07-Sep-23,"Rp5,115,400",,Gedeon,HRGA & Legal,Deltamas 1,2,,,,,Active,
339,FA295,Elektronik,I,FA295/I/02,Xiaomi Mi 23.8 Inch Desktop Monitor 1C - Monitor 24 inch Xiaomi,14-Sep-23,"Rp1,390,000",,Gedeon,HRGA & Legal,Deltamas 1,2,Xiaomi,,,,Active,
340,FA296,Laptop and Komp,III,FA296/III/01,HP PAVILION X360 14-EKO114TU I5-1235U 8GB 512GB INTEL IRIS,14-Oct-23,"Rp10,495,496",,Felix Firmansyah,Finance & Accounting,BSD,1,HP,,,,Active,
341,FA297,Laptop and Komp,III,FA297/III/01,HP PAVILION 14-DV2000TX-17-1255U 16GB 512GB SSD MX550,14-Oct-23,"Rp11,351,351",,Bilkis Ismail,PITD,BSD,1,HP,,,,Active,
342,FA298,Laptop and Komp,III,FA298/III/01,HP PAVILION 14-DV2000TX-I7-1255U 16GB 512 SSD MX550,14-Oct-23,"Rp11,351,351",,Corneleo,Sales & Marketing,BSD,1,HP,,,,Active,
343,FA299,Elektronik,I,FA299/I/01,Xiaomi Redmi 10 | Kapasitas 4GB/64GB dan 6GB/128GB,24-Oct-23,"Rp1,749,000",,Fitria,Finance & Accounting,BSD,1,Xiaomi,,,,Active,
344,FA300,Furniture,II,FA300/II/01,LOMO WORKING CHAIR LOW BACK BL 15,13-Oct-23,"Rp1,099,000",,Gabriella,PITD,BSD,1,Informa,,,,Active,
345,FA301,Furniture,II,FA301/II/01,LOMO WORKING CHAIR LOW BACK BL 15,13-Oct-23,"Rp1,099,000",,,Sales & Marketing,BSD,1,Informa,,,,Active,
346,FA302,Furniture,II,FA302/II/01,LOMO WORKING CHAIR LOW BACK BL 15,13-Oct-23,"Rp1,099,000",,Melisa,Business & Digital Development,BSD,1,Informa,,,,Active,
347,FA303,Furniture,II,FA303/II/01,HECTOR OFFICE TABLE WALNUT BLACK,13-Oct-23,"Rp1,599,000",,Daniella,HRGA & Legal,BSD,1,Informa,,,,Active,
348,FA304,Furniture,II,FA304/II/01,HECTOR OFFICE TABLE WALNUT BLACK,13-Oct-23,"Rp1,599,000",,Yogie,Business & Digital Development,BSD,1,Informa,,,,Active,
349,FA305,Furniture,II,FA305/II/01,HECTOR OFFICE TABLE WALNUT BLACK,13-Oct-23,"Rp1,599,000",,Arina,HRGA & Legal,BSD,1,Informa,,,,Active,
350,FA306,Machine and Tooling,V,FA306/V/01,"FARO Design ScanArm 2.5C, 2.5M | Color Design Scan Arm, 2.5m | (8.2 ft), 7 axis",30-Oct-23,"Rp250,000,000",,Agus RH,Engineering,BSD,1,FARO,,,,Active,
351,FA307,Furniture,II,FA307/II/02,Lemari Arsip Besi 2 Pintu Sliding Kaca|Kantor File| Sleding Geser,02-Nov-23,"Rp1,526,000",,Rino,HRGA & Legal,Deltamas 1,2,,,,,Active,
352,FA308,Furniture,II,FA308/II/02,tempat sampah outdoor 3 pilah kapasitas 50 liter model bulat 3 warna,03-Nov-23,"Rp907,350",,Rino,HRGA & Legal,Deltamas 1,2,,,,,Active,
353,FA309,Furniture,II,FA309/II/03,tempat sampah outdoor 3 pilah kapasitas 50 liter model bulat 3 warna,03-Nov-23,"Rp907,350",,Rino,HRGA & Legal,Deltamas 2,3,,,,,Active,
354,FA310,Elektronik,I,FA310/I/02,Aoyama 1888 Kipas Angin Tornado Besi 18 inch 3in1 Stand Desk Wall Fan,03-Nov-23,"Rp242,470",,,Operational,Deltamas 1,2,Aoyama,,,,Broken,
355,FA311,Elektronik,I,FA311/I/02,Aoyama 1888 Kipas Angin Tornado Besi 18 inch 3in1 Stand Desk Wall Fan,03-Nov-23,"Rp242,470",,,Operational,Deltamas 1,2,Aoyama,,,,Broken,
356,FA312,Elektronik,I,FA312/I/02,Aoyama 1888 Kipas Angin Tornado Besi 18 inch 3in1 Stand Desk Wall Fan,03-Nov-23,"Rp242,470",,Joko Prihono,QA/QC,Deltamas 1,2,Aoyama,,,,Active,
357,FA313,Elektronik,I,FA313/I/01,Xiaomi Redmi 12 8/128GB & 8/256GB Android 13 Garansi Resmi - Black,27-Nov-23,"Rp2,034,200",,Daniella,HRGA & Legal,BSD,1,Xiaomi,,,,Active,
358,FA314,Laptop and Komp,III,FA314/III/01,"Monitor Samsung 24"" 75hz S24R350 IPS FHD HDMI LED (LS24R350FZE)",28-Nov-23,"Rp1,318,900",,Fattah,Business & Digital Development,BSD,1,Samsung,,,,Active,
359,FA315,Machine and Tooling,V,FA315/V/02,SINGLE GIRDER - OVERHEAD TRAVELLING CRANES | 1.1 ELECTRIC WIRE ROPE HOIST STANDARD MONORAIL,24-Nov-23,"Rp450,000,000",,Joko Prihono,QA/QC,Deltamas 1,2,Nusa Krantechnik,,,,Active,
360,FA316,Laptop and Komp,III,FA316/III/02,"LENOVO IDEAPAD SLIM 3 14ITL I3 1115GB 8GB 256GB SSD INTEGRATES 14""",24-Dec-23,"Rp5,000,000",,Adelia,Sales & Marketing,Deltamas 1,2,Lenovo,,,,Active,
361,FA317,Laptop and Komp,III,FA317/III/01,"LENOVO IDEAPAD SLIM 3 14IAH8 I5 12450H 8GB 512 SSD INTERGRATED 14""",24-Dec-23,"Rp7,657,658",,Fitria,Finance & Accounting,BSD,1,Lenovo,,,,Active,
362,FA318,Laptop and Komp,III,FA318/III/01,"HP PAVILION 14-DV2000TX I7-1255U 16GB 512GB SSD MX550 14"" FHD IPS BACKLIT W11 OHS SILVER FINGERPRINT BAG 5CD242B8K2",24-Dec-23,"Rp11,981,982",,,PITD,BSD,1,HP,,,,Active,
363,FA319,Machine and Tooling,V,FA319/V/02,MOLD BOTOL PETROASIA,31-Dec-23,"Rp200,010,000",,Customer,Supply Chain,Deltamas 1,2,,,,,Active,
364,FA321,Elektronik,I,FA321/I/02,Lemari Es Deltamas (Kulkas LG GN-B202SQIB 202L Top Freezer Fridge in Dark Graphite Steel),04-Jan-24,"Rp3,128,020",,Rino,HRGA & Legal,Deltamas 1,2,LG,,,,Active,
365,FA322,Kendaraan,IV,FA322/IV/01,HONDA VARIO 125,18-Jan-24,"Rp21,478,311",,Rispandi,HRGA & Legal,BSD,1,Honda,,,,Active,
366,FA323,Kendaraan,IV,FA323/IV/02,ALL NEW AVANZA 1.3 E CVT,18-Jan-24,"Rp211,756,190",,Gilang R,HRGA & Legal,Deltamas 1,2,Avanza,,,,Active,
367,FA324,Elektronik,I,FA324/I/02,Webcam Logitec C270 HD 720p,19-Jan-24,"Rp255,000",,Gedeon,Supply Chain,Deltamas 1,2,Logitech,,,,Active,
368,FA325,Elektronik,I,FA325/I/02,Webcam Logitec C270 HD 720p,19-Jan-24,"Rp255,000",,Rino,HRGA & Legal,Deltamas 1,2,Logitech,,,,Active,
369,FA326,Furniture,II,FA326/II/03,Kuris Kantor / Kursi Jaring / Kursi Staf Black - White Frame,13-Feb-24,"Rp417,500",,Rino,HRGA & Legal,Deltamas 2,3,,,,,Active,
370,FA327,Furniture,II,FA327/II/03,Kuris Kantor / Kursi Jaring / Kursi Staf Black - White Frame,13-Feb-24,"Rp417,500",,Rino,HRGA & Legal,Deltamas 2,3,,,,,Active,
371,FA328,Furniture,II,FA328/II/02,Meja Kantor Minimalis Putih Sonoma Oak Light via Cargo - ATP-MTB-WHT-102 2 UNIT,13-Feb-24,"Rp587,550",,,HRGA & Legal,Deltamas 1,2,,,,,Active,
372,FA329,Furniture,II,FA329/II/02,Meja Kantor Minimalis Putih Sonoma Oak Light via Cargo - ATP-MTB-WHT-102 2 UNIT,13-Feb-24,"Rp587,550",,,HRGA & Legal,Deltamas 1,2,,,,,Active,
374,FA330,Machine and Tooling,V,FA330/V/02,Kompresor Screw 50 HP,20-Feb-24,"Rp60,060,000",,,Engineering,Deltamas 1,2,Future Star,,,,Active,
375,FA331,Furniture,II,FA331/II/01,Softboard Cork Pin Board / Papan Mading Standing Keiko 90 x 120 cm,22-Feb-24,"Rp777,900",,Hari TM,Finance & Accounting,BSD,1,,,,,Active,
376,FA332,Elektronik,I,FA332/I/01,Seagate One Touch Hardisk Eksternal 1TB USB3.0,22-Feb-24,"Rp963,400",,Fattah,Business & Digital Development,BSD,1,Seagate,,,,Active,
377,FA333,Elektronik,I,FA333/I/01,Seagate One Touch Hardisk Eksternal 1TB USB3.0,22-Feb-24,"Rp963,400",,Fattah,Business & Digital Development,BSD,1,Seagate,,,,Active,
378,FA334,Furniture,II,FA334/II/01,LOMO WORKING CHAIR LOW BACK BL 15,23-Feb-24,"Rp859,000",,Corneleo,Sales & Marketing,BSD,1,Informa,,,,Active,
379,FA335,Furniture,II,FA335/II/01,LOMO WORKING CHAIR LOW BACK BL 15,23-Feb-24,"Rp859,000",,,PITD,BSD,1,Informa,,,,Active,
380,FA336,Furniture,II,FA336/II/01,LOMO WORKING CHAIR LOW BACK BL 15,23-Feb-24,"Rp859,000",,,Sales & Marketing,BSD,1,Informa,,,,Active,
381,FA337,Furniture,II,FA337/II/01,HECTOR OFFICE TABLE WALNUT BLACK,23-Feb-24,"Rp899,000",,Alvin,Supply Chain,BSD,1,Informa,,,,Active,
382,FA338,Furniture,II,FA338/II/01,HECTOR OFFICE TABLE WALNUT BLACK,23-Feb-24,"Rp899,000",,Rafida,Supply Chain,BSD,1,Informa,,,,Active,
383,FA339,Laptop and Komp,III,FA339/III/02,"Lenovo IdeaPad Slim 3i 14ITL6 (Intel Core i7 1165G7, Win11 Home, 8GB DDR4, 512GB SSD, 14"" FHD IPS 45% NTSC  Antiglare, NVIDIA GeForce MX450 2GB, Backlit, 2Y Premium Care + ADP) + OHS 2021",29-Feb-24,"Rp12,250,000",,Iyan Hardiyansah,QA/QC,Deltamas 1,2,Lenovo,,,,Active,
384,FA340,Elektronik,I,FA340/I/01,"Xiaomi Redmi 12 8/128GB & 8/256GB Android 13 Garansi Resmi - Black, 8/128GB",29-Feb-24,"Rp2,068,400",,Harmoko,Engineering,BSD,1,Xiaomi,,,,Active,
385,FA341,Machine and Tooling,V,FA341/V/01,"DN Solutions Compact, Simultaneous 5-axis Machining Center For High Speed Machining model DVF-5000 with Fanuc F31B5P",04-Mar-24,"Rp3,100,000,000",,Hari TM,Engineering,BSD,1,DN Solutions,,,,Active,
386,FA342,Elektronik,I,FA342/I/01,IP Phone Fanvil X303W Include adaptor,14-Mar-24,"Rp1,370,850",,Daniella,HRGA & Legal,BSD,1,Fanvil,,,,Active,
387,FA343,Elektronik,I,FA343/I/01,IP Phone Fanvil X303W Include adaptor,14-Mar-24,"Rp1,370,850",,Carissa,HRGA & Legal,BSD,1,Fanvil,,,,Active,
388,FA344,Elektronik,I,FA344/I/01,IP Phone Fanvil X303W Include adaptor,14-Mar-24,"Rp1,370,850",,Audrey,Finance & Accounting,BSD,1,Fanvil,,,,Active,
389,FA345,Elektronik,I,FA345/I/01,IP Phone Fanvil X303W Include adaptor,14-Mar-24,"Rp1,370,850",,Devi Erliani,Supply Chain,BSD,1,Fanvil,,,,Active,
390,FA346,Elektronik,I,FA346/I/01,IP Phone Fanvil X303W Include Adaptor,14-Mar-24,"Rp1,370,850",,Khrisna,Sales & Marketing,BSD,1,Fanvil,,,,Active,
391,FA347,Machine and Tooling,V,FA347/V/01,MITSUBISHI MV2400S D-CUBES Wire-cut EDM,15-Mar-24,"Rp1,600,000,000",,Hari TM,Engineering,BSD,1,Mitsubishi,,,,Active,
392,FA348,Elektronik,I,FA348/I/02,"GPS Tracker SUPERSPRING tipe C40 (2G & 4G) + 6 Bulan
(untuk di mobil operasional)",14-Mar-24,"Rp1,531,532",,Rispandi,HRGA & Legal,Deltamas 1,2,Superspring,,,,Active,
393,FA349,Elektronik,I,FA349/I/01,"GPS Tracker SUPERSPRING tipe C40 (2G & 4G) + 6 Bulan
(untuk di mobil operasional)",15-Mar-24,"Rp1,531,532",,Rispandi,HRGA & Legal,BSD,1,Superspring,,,,Active,
394,FA350,Machine and Tooling,V,FA350/V/01,"Kompresor Screw 15 HP | Volume Flow Rate 1,8 M/mm | Rated Discharged Pressure 0,8 Mpa | Motor Power 11 KW | Overall dimensions (LxWxH) 104x75x104MM | Net Weight 258 kg, Air Dry & Tangki",27-Mar-24,"Rp31,000,000",,Hari TM,Engineering,BSD,1,,,,,Active,
395,FA351,Machine and Tooling,V,FA351/V/01,Air Dryer 20 HP,27-Mar-24,"Rp7,000,000",,Hari TM,Engineering,BSD,1,,,,,Active,
396,FA352,Machine and Tooling,V,FA352/V/01,Tangki 300 Liter,27-Mar-24,"Rp7,000,000",,Hari TM,Engineering,BSD,1,,,,,Active,
397,FA353,Elektronik,I,FA353/I/02,Printer Brother MFC-J3540DW A3 Inkjet AIO WIFI Duplex Garansi Resmi,30-Apr-24,"Rp6,780,000",,,Engineering,Deltamas 1,2,Brother,,,,Active,
398,FA354,Elektronik,I,FA354/I/01,Printer Canon PIXMA G4770 All in One ADF WiFi FAX pengganti G4010,30-Apr-24,"Rp3,975,000",,Daniella,Finance & Accounting,BSD,1,Canon,,,,Active,
399,FA355,Furniture,II,FA355/II/02,Lemari Pajangan Kaca 2 Pintu,30-Apr-24,"Rp1,600,000",,,HRGA & Legal,Deltamas 1,2,,,,,Active,
400,FA356,Furniture,II,FA356/II/02,Lemari Pajangan Kaca 2 Pintu,30-Apr-24,"Rp1,600,000",,,HRGA & Legal,Deltamas 1,2,,,,,Active,
401,FA357,Machine and Tooling,V,FA357/V/02,Mitutoyo Caliper 300 MM China,30-Apr-24,"Rp1,328,700",,,QA/QC,Deltamas 1,2,Mitutoyo,,,,Active,
402,FA358,Elektronik,I,FA358/I/01,CCTV Ezviz C6N 2 MP Black Smart Home Wifi IP Camera CCTV Indoor 1080p,08-May-24,"Rp642,100",,Dimas,HRGA & Legal,BSD,1,Ezviz,,,,Active,
403,FA359,Elektronik,I,FA359/I/01,CCTV Ezviz C6N 2 MP Black Smart Home Wifi IP Camera CCTV Indoor 1080p,08-May-24,"Rp642,100",,Dimas,HRGA & Legal,BSD,1,Ezviz,,,,Active,
404,FA360,Elektronik,I,FA360/I/01,CCTV Ezviz C6N 2 MP Black Smart Home Wifi IP Camera CCTV Indoor 1080p,08-May-24,"Rp642,100",,Dimas,HRGA & Legal,BSD,1,Ezviz,,,,Active,
405,FA361,Elektronik,I,FA361/I/01,CCTV Ezviz C6N 2 MP Black Smart Home Wifi IP Camera CCTV Indoor 1080p,08-May-24,"Rp642,100",,Dimas,HRGA & Legal,BSD,1,Ezviz,,,,Active,
406,FA362,Elektronik,I,FA362/I/01,CCTV Ezviz C6N 2 MP Black Smart Home Wifi IP Camera CCTV Indoor 1080p,08-May-24,"Rp642,100",,Dimas,HRGA & Legal,BSD,1,Ezviz,,,,Active,
407,FA363,Elektronik,I,FA363/I/01,CCTV Ezviz C6N 2 MP Black Smart Home Wifi IP Camera CCTV Indoor 1080p,08-May-24,"Rp642,100",,Dimas,HRGA & Legal,BSD,1,Ezviz,,,,Active,
408,FA364,Elektronik,I,FA364/I/01,CCTV Ezviz C6N 2 MP Black Smart Home Wifi IP Camera CCTV Indoor 1080p,08-May-24,"Rp642,100",,Dimas,HRGA & Legal,BSD,1,Ezviz,,,,Active,
409,FA365,Elektronik,I,FA365/I/01,CCTV Ezviz C6N 2 MP Black Smart Home Wifi IP Camera CCTV Indoor 1080p,08-May-24,"Rp642,100",,Dimas,HRGA & Legal,BSD,1,Ezviz,,,,Active,
410,FA366,Elektronik,I,FA366/I/01,CCTV Ezviz C6N 2 MP Black Smart Home Wifi IP Camera CCTV Indoor 1080p,08-May-24,"Rp642,100",,Dimas,HRGA & Legal,BSD,1,Ezviz,,,,Active,
411,FA367,Elektronik,I,FA367/I/01,CCTV Ezviz C6N 2 MP Black Smart Home Wifi IP Camera CCTV Indoor 1080p,08-May-24,"Rp642,100",,Dimas,HRGA & Legal,BSD,1,Ezviz,,,,Active,
412,FA368,Elektronik,I,FA368/I/01,CCTV Ezviz C6N 2 MP Black Smart Home Wifi IP Camera CCTV Indoor 1080p,08-May-24,"Rp642,100",,Dimas,HRGA & Legal,BSD,1,Ezviz,,,,Active,
413,FA369,Elektronik,I,FA369/I/01,CCTV Ezviz C6N 2 MP Black Smart Home Wifi IP Camera CCTV Indoor 1080p,08-May-24,"Rp642,100",,Dimas,HRGA & Legal,BSD,1,Ezviz,,,,Active,
414,FA370,Elektronik,I,FA370/I/01,Bardi Smart Door Lock with Handle (Lite Version),08-May-24,"Rp1,210,200",,Daniella,HRGA & Legal,BSD,1,Bardi,,,,Active,
415,FA371,Elektronik,I,FA371/I/01,"Access control Access Door Akses Drop bolt lock RFID Card PIN - Dropbolt Lock, No Touch",08-May-24,"Rp816,900",,Daniella,HRGA & Legal,BSD,1,,,,,Active,
416,FA372,Elektronik,I,FA372/I/01,"Access control Access Door Akses Drop bolt lock RFID Card PIN - Dropbolt Lock, No Touch",08-May-24,"Rp816,900",,Daniella,Engineering,BSD,1,,,,,Active,
417,FA373,Furniture,II,FA373/II/01,HECTOR OFFICE TABLE WALNUT BLACK,31-May-24,"Rp799,000",,Melisa,Business & Digital Development,BSD,1,Informa,,,,Active,
418,FA374,Furniture,II,FA374/II/01,HECTOR OFFICE TABLE WALNUT BLACK,31-May-24,"Rp799,000",,Eka Puteri,Sales & Marketing,BSD,1,Informa,,,,Active,
419,FA375,Furniture,II,FA375/II/01,HECTOR OFFICE TABLE WALNUT BLACK,31-May-24,"Rp799,000",,Gabriella,PITD,BSD,1,Informa,,,,Active,
420,FA376,Elektronik,I,FA376/I/01,CCTV Ezviz C6N 2 MP Black Smart Home Wifi IP Camera CCTV Indoor 1080p,04-Jun-24,"Rp651,200",,Dimas,HRGA & Legal,BSD,1,Ezviz,,,,Active,
421,FA377,Laptop and Komp,III,FA377/III/01,"Laptop Lenovo V14 G3 i3 1215GU 8GB 256SSD 14.0HD Windows 11 Resmi - Unit, 8/256 GB",07-Jun-24,"Rp5,396,175",,,HRGA & Legal,BSD,1,Lenovo,,,,Active,
422,FA378,Furniture,II,FA378/II/01,Bracket Standing TV,19-Jun-24,"Rp576,340",,Gilbert Bagas,Supply Chain,BSD,1,,,,,Active,
423,FA379,Machine and Tooling,V,FA379/V/01,MITUTOYO 103-139-10 OUTSIDE Micrometer Economy Design 50-75mm 0.01mm,28-Jun-24,"Rp983,900",,Rifky Fauzi,Engineering,BSD,1,Tokopedia,,,,Active,
424,FA380,Machine and Tooling,V,FA380/V/01,Clamping Kit M12 Claim Milling - Clamping Set M12,28-Jun-24,"Rp563,000",,Herfian,Engineering,BSD,1,,,,,Active,
425,FA381,Elektronik,I,FA381/I/01,Dispenser Cosmos CWD-7601 (3 keran),05-Jul-24,"Rp1,150,000",,Hari TM,Engineering,BSD,1,Cosmos,,,,Active,
426,FA382,Furniture,II,FA382/II/01,Informa Carter Credenza Kabinet Kantor Metal 2 Pintu - Putih,12-Jun-24,"Rp1,399,000",,Arina,HRGA & Legal,BSD,1,Informa,,,,Active,
427,FA383,Machine and Tooling,V,FA383/V/01,"Magnetic Dial Holder 0,01 | Merk Mitutoyo | 1 Set",03-Jul-24,"Rp1,350,000",,Herfian,Engineering,BSD,1,Techo,,,,Active,
428,FA384,Machine and Tooling,V,FA384/V/01,MITUTOYO Micrometer / Micro meter 103-137 / 0-25mm / 0.01 mm,12-Jul-24,"Rp880,000",,Rifky Fauzi,Engineering,BSD,1,Tokopedia,,,,Active,
429,FA385,Machine and Tooling,V,FA385/V/01,Caliper Digital 200 mm | Mitutoyo,19-Jul-24,"Rp2,500,000",,Rifky Fauzi,Engineering,BSD,1,Techo,,,,Active,
430,FA386,Furniture,II,FA386/II/01,Nakas laci minimalis/ rak kantor locker bedside table,23-Jul-24,"Rp424,900",,Arina,HRGA & Legal,BSD,1,,,,,Active,
431,FA387,Elektronik,I,FA387/I/01,Dispenser Cosmos CWD-7601 (3 keran),26-Jul-24,"Rp1,150,000",,Dimas,HRGA & Legal,BSD,1,Cosmos,,,,Active,
432,FA388,Machine and Tooling,V,FA388/V/03,Air Tank 1000 Ltr,09-Aug-24,"Rp10,500,000",,Joko Prihono,Engineering,Deltamas 2,3,,,,,Active,
433,FA389,Machine and Tooling,V,FA389/V/03,Screw Air Compressor 50 HP,09-Aug-24,"Rp56,000,000",,Joko Prihono,Engineering,Deltamas 2,3,Future Star,,,,Active,
434,FA390,Machine and Tooling,V,FA390/V/03,Air Dryer Screw 50 HP,09-Aug-24,"Rp12,500,000",,Joko Prihono,Engineering,Deltamas 2,3,,,,,Active,
435,FA391,Machine and Tooling,V,FA391/V/03,Hand Pallet 3 ton 'Carlift',20-Aug-24,"Rp2,700,000",,Joko Prihono,Engineering,Deltamas 2,3,Carlift,,,,Active,
436,FA392,Machine and Tooling,V,FA392/V/03,Handi Lift 1 ton 'Carlift',20-Aug-24,"Rp7,000,000",,Joko Prihono,Engineering,Deltamas 2,3,Carlift,,,,Active,
437,FA393,Machine and Tooling,V,FA393/V/03,"Pallet Plastik tye NPJ-1111 ""Hitam""",20-Aug-24,"Rp484,500",,Joko Prihono,Engineering,Deltamas 2,3,,,,,Active,
437,FA394,Machine and Tooling,V,FA394/V/03,"Pallet Plastik tye NPJ-1111 ""Hitam""",20-Aug-24,"Rp484,500",,Joko Prihono,Engineering,Deltamas 2,3,,,,,Active,
438,FA395,Machine and Tooling,V,FA395/V/03,"Kunci Sok Set (6-24mm) ""Tekiro""",26-Aug-24,"Rp683,380",,Joko Prihono,Engineering,Deltamas 2,3,Tekiro,,,,Active,
439,FA396,Machine and Tooling,V,FA396/V/01,Gerinda Listrik Merk BOSCH | Uk. 4 Inch,24-Sep-24,"Rp1,430,000",,Hari TM,Engineering,BSD,1,BOSCH,,,,Active,
440,FA397,Elektronik,I,FA397/I/01,"Charger Laptop ""Charger Azuz ADP-120RH B Input 100-240V 5""",26-Sep-24,"Rp350,000",,Adi Kusumah,Engineering,BSD,1,Asus,,,,Active,
441,FA398,Laptop and Komp,III,FA398/III/01,Laptop Acer Nitro V 15 ANV15-51 i9-13900H RTX4060 512G 15.6FHD 144Hz W11 OHS - Ram 64GB,9-Okt-24,"Rp19,960,000",,Rifky Fauzi,Engineering,BSD,1,Acer,,,,Active,
442,FA399,Furniture,II,FA399/II/01,Nakas laci minimalis/ rak kantor locker bedside table,24-Oct-24,"Rp390,000",,Siska,Finance & Accounting,BSD,1,,,,,Active,
443,FA400,Machine and Tooling,V,FA400/V/01,Elegoo Phecda 10W Laser Cutting Engraving High Precision - Basic Set,01-Oct-24,"Rp6,750,000",,Rifky Fauzi,Engineering,BSD,1,,,,,Active,
444,FA402,Machine and Tooling,V,FA402/V/01,Mini Pneumatic Chamfering 30000 Rpm 45 Degree,12-Nov-24,"Rp540,000",,Herfian,Engineering,BSD,1,,,,,Active,
445,FA403,Furniture,II,FA403/II/01,Standing Bracket TV - 32 - 55 Inch,15-Nov-24,"Rp493,000",,,HRGA & Legal,BSD,1,,,,,Active,
446,FA404,Furniture,II,FA404/II/01,Standing Bracket TV - 32 - 55 Inch,15-Nov-24,"Rp493,000",,,HRGA & Legal,BSD,1,,,,,Active,
447,FA405,Machine and Tooling,V,FA405/V/01,TEKIRO - CATOK RAGUM MEJA 5 INCH BENCH VICE ORIGINAL,19-Nov-24,"Rp1,159,000",,Herfian,Engineering,BSD,1,,,,,Active,
448,FA406,Machine and Tooling,V,FA406/V/03,Promo /Kwh meter 3 Phase Digital Fort Murah,19-Agu-24,"Rp1,200,000",,Rino,HRGA & Legal,Deltamas 2,3,,,,,Active,
449,FA407,Machine and Tooling,V,FA407/V/01,Mesin Asah Endmill Resharpening,06-Dec-24,"Rp9,278,280",,Herfian,Engineering,BSD,1,,,,,Active,
450,FA408,Machine and Tooling,V,FA408/V/01,Troli REAIM Handtruck 800 kg,18-Dec-24,"Rp598,801",,Hendra Nur,Supply Chain,BSD,1,REAIM,,,,Active,
451,FA409,Machine and Tooling,V,FA409/V/01,"Inside Micrometer | 3220 - 30 (5-30 x 0,01 M) Merk Insize",07-Jan-25,"Rp1,200,000",,Rifky Fauzi,Engineering,BSD,1,Insize,,,,Active,
452,FA410,Elektronik,I,FA410/I/01,"Xiaomi Redmi 13 8GB/12 8GB 8GB/256GB Camera 108MP 6.79"" FHD+ 90Hz 33W Fast Charging - 8GB/128GB",07-Feb-25,"Rp1,723,040","Rp1,769,000",Alvin,Supply Chain,BSD,1,Xiaomi,Redmi 13,,,Active,
453,FA411,Laptop and Komp,III,FA411/III/01,"LG Monitor 24MR400-B 24"" Full HD Display with AMD FreeSync 100Hz",18-Feb-25,"Rp1,236,660","Rp1,249,000",Herfian,Engineering,BSD,1,LG,24MR400-B,,,Active,
454,FA412,Machine and Tooling,V,FA412/V/01,Showa BT40-HPC04M-185,19-Feb-25,"Rp5,123,350","Rp5,123,350",Herfian,Engineering,BSD,1,Showa,,,,Active,
455,FA413,Machine and Tooling,V,FA413/V/01,Showa BT40-HPC06M-185,19-Feb-25,"Rp5,123,350","Rp5,123,350",Herfian,Engineering,BSD,1,Showa,,,,Active,
456,FA414,Machine and Tooling,V,FA414/V/01,Vise/ Ragum Wirecut 100mm,19-Feb-25,"Rp7,254,000","Rp7,254,000",Herfian,Engineering,BSD,1,,,,,Active,
457,FA415,Furniture,II,FA415/II/01,Nakas laci minimalis/ rak kantor locker bedside table,7-Mar-25,"Rp390,000","Rp390,000",Devi Erliani,Supply Chain,BSD,1,,,,,Active,
458,FA416,Furniture,II,FA416/II/01,Nakas laci minimalis/ rak kantor locker bedside table,07-Mar-25,"Rp390,000","Rp390,000",Rafida,Supply Chain,BSD,1,,,,,Active,
459,FA417,Laptop and Komp,III,FA417/III/01,"Lenovo Ideapad Slim 3 14IAU7 I3 1215u 16GB 512GB Windows 11 14"" fhd - UNIT ONLY 8GB/256GB",19-Mar-25,"Rp5,236,180","Rp5,559,000",Daniella,HRGA & Legal,BSD,1,Lenovo,14IAU7,PF56RVNJ,,Active,
460,FA418,Machine and Tooling,V,FA418/V/02,Boring Head BT50 NBH2084,28-Apr-25,"Rp8,500,000",,Joko Prihono,QA/QC,Deltamas 1,Rp2,,,,,Active,
461,FA419,Machine and Tooling,V,FA419/V/02,Tekiro Palu tembaga 1Kg,9-Mei-25,"Rp708,291","Rp708,290",Rino,HRGA & Legal,Deltamas 1,2,,,,,Active,
462,FA420,Machine and Tooling,V,FA420/V/02,Tabung Gas Oksigen 6M3,14-Mei-25,"Rp1,300,000","Rp1,300,000",Joko Prihono,QA/QC,Deltamas 1,2,,,,,Active,
463,FA421,Laptop and Komp,III,FA421/III/01,"Lenovo ideapad slim 3 14iau7 i3 1215u 16gb 512gb windows 11 14""fhd - UNIT ONLY, 8GB/256GB",30-Mei-25,"Rp5,534,700","Rp7,899,000",Carissa,HRGA & Legal,BSD,1,Lenovo,14IAU7,,,Active,
464,FA422,Elektronik,I,FA422/I/01,SJCAM C100 Bodycam,30-Mei-25,"Rp1,656,400","Rp1,656,400",Yogie,Business & Digital Development,BSD,1,,,,,Active,
465,FA423,Elektronik,I,FA423/I/01,Ulanzi GO001 Magnetic Mount for Bodycam,30-Mei-25,"Rp248,020","Rp248,020",Yogie,Business & Digital Development,BSD,1,,,,,Active,
468,FA424,Machine and Tooling,V,FA424/V/01,Multimeter Digital Sanwa CD800A,12-Jun-25,"Rp509,240","Rp512,540",Agus RH,Engineering,BSD,1,,,,,Active,
469,FA425,Laptop and Komp,III,FA425/III/01,"Lenovo ideapad slim 3 14iau7 i3 1215u 16gb 512gb windows 11 14""fhd - UNIT ONLY, 8GB/256GB",18-Jun-25,"Rp5,934,506","Rp6,043,978",Hendra Nur,Supply Chain,BSD,1,Lenovo,14IAU7,,,Active,
470,FA426,Elektronik,I,FA426/I/01,Seagate Expansion Harddisk External 2TB,24-Jun-25,"Rp1,168,738","Rp1,177,632",Adi Kusumah,Engineering,BSD,1,Seagate,SRD0NF1,NT1AJ7VD,,Active,
471,FA427,Machine and Tooling,V,FA427/V/01,APAR ABC Powder 6kg,11-Jul-25,,"Rp976,250",,Engineering,BSD,1,Tonata,,,,Active,
471,FA428,Furniture,II,FA428/II/01,Nakas Laci Loker Bawah Meja,13-Aug-25,"Rp360,988","Rp390,000",Rafida,Supply Chain,BSD,1,,,,,Active,
472,FA429,Furniture,II,FA429/II/01,Nakas Laci Loker Bawah Meja,13-Aug-25,"Rp360,988","Rp390,000",Siska,Finance & Accounting,BSD,1,,,,,Active,
473,FA430,Furniture,II,FA430/II/01,Nakas Laci Loker Bawah Meja,13-Aug-25,"Rp360,988","Rp390,000",Audrey,Finance & Accounting,BSD,1,,,,,Active,
474,FA437,Laptop and Komp,III,FA437/III/01,Acer Nitro V 15 I9 13900H 8 / 16 GB 512GB,10-Oct-25,"Rp17,442,700","Rp3,931,000",Rifky Fauzi,Engineering,BSD,1,Acer,Acer Nitro V15,,,Active,
475,FA431,Machine and Tooling,V,FA431/V/02,BT Device BT50 (Alat Pembuka Kunci Arbor BT50),21-Aug-25,,"Rp952,770",,Supply Chain,Deltamas 1,2,,,,,Active,
475,FA438,Laptop and Komp,III,FA438/III/03,"Monitor Dahua 22""",10-Oct-25,"Rp926,660","Rp484,000",,HRGA & Legal,Deltamas 2,3,Dahua,,,,Active,
476,,Machine and Tooling,V,/V/02,Facemill 22 Cutter 63 (Insert SEKT12),21-Aug-25,,"Rp583,560",,Supply Chain,Deltamas 1,2,,,,,Active,
476,FA439,Laptop and Komp,III,FA439/III/03,Lenovo Ideapad Slim 3 i3,16-Oct-25,"Rp5,751,660","Rp336,000",Silmi,Finance & Accounting,Deltamas 2,3,Lenovo,,,,Active,
477,,Machine and Tooling,V,/V/02,Holder APMT 25-150,21-Aug-25,,"Rp324,370",,Supply Chain,Deltamas 1,2,,,,,Active,
477,FA440,Elektronik,I,FA440/I/02,Showcase Gea Expo 26C,20-Oct-25,"Rp3,178,600","Rp428,000",Rino,HRGA & Legal,Deltamas 1,2,Gea,,,,Active,
478,,Machine and Tooling,V,/V/02,Holder APMT 32-300,21-Aug-25,,"Rp1,350,000",,Supply Chain,Deltamas 1,2,,,,,Active,
478,FA441,Elektronik,I,FA441/I/03,TP-Link TL-MR100 | 300 Mbps MR105 MR6400,03-Oct-25,"Rp538,400","Rp4,850,000",,HRGA & Legal,Deltamas 2,3,TP Link,TL-MR100,,,Active,
479,,Machine and Tooling,V,/V/02,Arbor BT50 FBM 22-48-350,21-Aug-25,,"Rp3,100,000",,Supply Chain,Deltamas 1,2,,,,,Active,
480,,Machine and Tooling,V,/V/02,Arbor BT50 er 20-150,21-Aug-25,,"Rp1,550,000",,Supply Chain,Deltamas 1,2,,,,,Active,
481,,Machine and Tooling,V,/V/02,Holder Ballnose 20 x 200 R10,04-Sep-25,"Rp577,020","Rp1,163,847",,Supply Chain,Deltamas 1,2,,,,,Active,
482,,Machine and Tooling,V,/V/02,Holder Ballnose 16 x 150 R8,04-Sep-25,"Rp467,550","Rp943,040",,Supply Chain,Deltamas 1,2,,,,,Active,
483,,Machine and Tooling,V,/V/02,Holder EXM-6063R-HF-22,08-Sep-25,,"Rp4,641,000",,Supply Chain,Deltamas 1,2,,,,,Active,
484,FA432,Machine and Tooling,V,FA432/V/02,"Mesin Gerinda 4"" ""BOSCH""",23-Sep-25,,"Rp450,000",,Supply Chain,Deltamas 1,2,,,,,Active,
485,FA433,Machine and Tooling,V,FA433/V/02,"Kabel Roll 25M ""KRISBOW""",23-Sep-25,,"Rp900,000",,Supply Chain,Deltamas 1,2,,,,,Active,
486,FA434,Elektronik,I,FA434/I/03,TP-Link TL-MR100 | 300 Mbps MR105 MR6400,03-Oct-25,,"Rp538,400",,HRGA & Legal,Deltamas 2,3,TP Link,TL-MR100,,,Active,
487,FA435,Laptop and Komp,III,FA435/III/01,Acer Nitro V 15 I9 13900H 8 / 16 GB 512GB,10-Oct-25,"Rp17,442,700","Rp18,399,000",,Engineering,BSD,1,Acer,Acer Nitro V15,,,Active,
488,FA436,Laptop and Komp,III,FA436/III/03,"Monitor Dahua 22""",10-Oct-25,"Rp926,660","Rp926,000",,HRGA & Legal,Deltamas 2,3,Dahua,,,,Active,
502,FA442,Elektronik,I,FA442/I/01,"PADBOT Reception Robot, Model P3, HILLS & HILLS LIMITED",17-Dec-24,"Rp43,703,287","Rp950,000",Bilkis Ismail,PITD,BSD,1,,,,,Active,
503,FA443,Elektronik,I,FA443/I/01,"PADBOT Cleaning Robot, Model C3, HILLS & HILLS LIMITED",17-Dec-24,"Rp87,422,074","Rp4,850,000",Bilkis Ismail,PITD,BSD,1,,,,,Active,
504,FA444,Elektronik,I,FA444/I/02,"Robot arm with Welding function, 6-axis Robot BRTIRUS2110A + welder MIG350, HILLS LIMITED",17-Dec-24,"Rp107,679,515","Rp5,751,660",Silmi,Engineering,Deltamas 1,2,Lenovo,,,,Active,
505,FA445,Elektronik,I,FA445/I/02,"6-axis Robot BRTIRUS2110A, with Max. loading capacity 10kgs, HILLS LIMITED",17-Dec-24,"Rp65,397,725","Rp3,178,600",Rino,Engineering,Deltamas 1,2,Gea,,,,Active,
506,FA446,Machine and Tooling,V,FA446/V/02,"Holder Treadmill dia 16, Pitch 3",08-Jan-25,"Rp250,000",,,Production,Deltamas 1,2,,,,,,
507,FA447,Machine and Tooling,V,FA447/V/02,"Holder Treadmill dia 20, Pitch 4",08-Jan-25,"Rp280,000",,,Production,Deltamas 1,2,,,,,,
508,FA448,Machine and Tooling,V,FA448/V/02,Pompa Stempet 500cc,03-Feb-25,"Rp210,000",,,Production,Deltamas 1,2,,,,,,
509,FA449,Machine and Tooling,V,FA449/V/02,Arbor (BT50-FMB22-250),13-Jun-25,"Rp5,200,000",,,Production,Deltamas 1,2,,,,,,
510,FA450,Machine and Tooling,V,FA450/V/02,Arbor (BT50-FMB60-250),13-Jun-25,"Rp7,000,000",,,Production,Deltamas 1,2,,,,,,
511,FA451,Machine and Tooling,V,FA451/V/02,Facemill (APMT16-22-50),13-Jun-25,"Rp750,000",,,Production,Deltamas 1,2,,,,,,
512,FA452,Machine and Tooling,V,FA452/V/02,Facemill (SEKN15-60-200),13-Jun-25,"Rp5,050,000",,,Production,Deltamas 1,2,,,,,,
513,FA453,Machine and Tooling,V,FA453/V/02,Tabung Gas ELPIJI 12Kg + Isi,19-May-25,"Rp500,000",,,Production,Deltamas 1,2,,,,,,
514,FA454,Machine and Tooling,V,FA454/V/02,Alat Strapping Band,23-May-25,"Rp275,000",,,Production,Deltamas 1,2,,,,,,
515,FA455,Machine and Tooling,V,FA455/V/02,"Mesin Bench Grinder 5"" (TDS125-41-5105) ""WIPRO""",05-Jun-25,"Rp690,000",,,Production,Deltamas 1,2,,,,,,
516,FA456,Machine and Tooling,V,FA456/V/02,"Permanent Magnet Lifter PML-C 3 Ton ""TOYO""",12-Jun-25,"Rp7,905,405",,,Production,Deltamas 1,2,,,,,,
517,FA457,Machine and Tooling,V,FA457/V/02,Back Borring Head EWN41-74CKB4,12-Jun-25,"Rp1,250,000",,,Production,Deltamas 1,2,,,,,,
518,FA458,Machine and Tooling,V,FA458/V/02,Arbor Boring BT50-LBK6-170,22-Aug-25,"Rp5,042,000",,,Production,Deltamas 1,2,,,,,,
519,FA459,Machine and Tooling,V,FA459/V/02,Adaptor Boring LBK6-6-120,22-Aug-25,"Rp1,636,000",,,Production,Deltamas 1,2,,,,,,
520,FA460,Machine and Tooling,V,FA460/V/02,Adaptor Boring LBK6-6-120,22-Aug-25,"Rp1,636,000",,,Production,Deltamas 1,2,,,,,,
521,FA461,Machine and Tooling,V,FA461/V/02,Adaptor Boring LBK6-6-120,22-Aug-25,"Rp1,636,000",,,Production,Deltamas 1,2,,,,,,
522,FA462,Machine and Tooling,V,FA462/V/02,Adaptor Boring LBK6-6-120,22-Aug-25,"Rp1,636,000",,,Production,Deltamas 1,2,,,,,,
523,FA463,Machine and Tooling,V,FA463/V/02,Adaptor Boring LBK6-6-120,22-Aug-25,"Rp1,636,000",,,Production,Deltamas 1,2,,,,,,
524,FA464,Machine and Tooling,V,FA464/V/02,Arbor BT50 ER32 150,17-Oct-25,"Rp3,278,000",,,Production,Deltamas 1,2,,,,,,
525,FA465,Machine and Tooling,V,FA465/V/02,Arbor BT50 ER32 300,17-Oct-25,"Rp5,590,000",,,Production,Deltamas 1,2,,,,,,
526,FA466,Machine and Tooling,V,FA466/V/01,APAR ABC Powder 6kg,11-Jul-25,"Rp976,250",,Herfian,Engineering,BSD,1,Tonata,,,,Active,
527,FA467,Machine and Tooling,V,FA467/V/02,Holder APMT 32-300,21-Aug-25,"Rp1,350,000",,,Production,Deltamas 1,2,,,,,Active,
528,FA468,Machine and Tooling,V,FA468/V/02,Arbor BT50 FBM 22-48-350,21-Aug-25,"Rp3,100,000",,,Production,Deltamas 1,2,,,,,Active,
529,FA469,Machine and Tooling,V,FA469/V/02,Arbor BT50 er 20-150,21-Aug-25,"Rp1,550,000",,,Production,Deltamas 1,2,,,,,Active,
530,FA470,Machine and Tooling,V,FA470/V/02,Facemill 22 Cutter 63 (Insert SEKT12),21-Aug-25,"Rp583,564",,,Production,Deltamas 1,2,,,,,Active,
531,FA471,Machine and Tooling,V,FA471/V/02,Holder APMT 25-150,21-Aug-25,"Rp324,365",,,Production,Deltamas 1,2,,,,,Active,
532,FA472,Machine and Tooling,V,FA472/V/02,BT Device BT50 (Alat Pembuka Kunci Arbor BT50),21-Aug-25,"Rp952,772",,,Production,Deltamas 1,2,,,,,Active,
533,FA473,Machine and Tooling,V,FA473/V/02,"Caliper Manual 200mm ""MITUTOYO""",22-Aug-25,"Rp930,000",,,Production,Deltamas 1,2,,,,,,
534,FA474,Machine and Tooling,V,FA474/V/02,"Caliper Digital 300mm ""MITUTOYO""",22-Aug-25,"Rp6,906,000",,,Production,Deltamas 1,2,,,,,,
535,FA475,Machine and Tooling,V,FA475/V/02,"Dial Test Indicator 513-404-10E ""MITUTOYO""",22-Aug-25,"Rp1,283,000",,,Production,Deltamas 1,2,,,,,,
536,FA476,Machine and Tooling,V,FA476/V/02,Holder Ballnose 20 x 200 R10,04-Sep-25,"Rp577,020",,,Production,Deltamas 1,2,,,,,Active,
537,FA477,Machine and Tooling,V,FA477/V/02,Holder Ballnose 16 x 150 R8,04-Sep-25,"Rp467,545",,,Production,Deltamas 1,2,,,,,Active,
538,FA478,Machine and Tooling,V,FA478/V/02,Holder EXM-6063R-HF-22,08-Sep-25,"Rp4,641,000",,,Production,Deltamas 1,2,,,,,Active,
539,FA479,Machine and Tooling,V,FA479/V/02,"Mesin Gerinda 4"" ""BOSCH""",23-Sep-25,"Rp450,000",,,Production,Deltamas 1,2,,,,,Active,
540,FA480,Machine and Tooling,V,FA480/V/02,"Kabel Roll 25M ""KRISBOW""",23-Sep-25,"Rp900,000",,,Production,Deltamas 1,2,,,,,Active,
541,FA481,Machine and Tooling,V,FA481/V/02,"Holder Ballnose ASP-20-250-M10 Carbaide ""NICHE""",13-Oct-25,"Rp4,850,000",,,Production,Deltamas 1,2,,,,,Active,
542,FA482,Machine and Tooling,V,FA482/V/02,"Head Holder Ballnose 20 ABF-20-M10 ""NICHE""",13-Oct-25,"Rp950,000",,,Production,Deltamas 1,2,,,,,Active,
543,FA483,Machine and Tooling,V,FA483/V/02,"Holder Ballnose ASP-20-250-M10 Carbaide ""NICHE""",20-Oct-25,"Rp4,850,000",,,Production,Deltamas 1,2,,,,,Active,
544,FA484,Machine and Tooling,V,FA484/V/02,ARBOR BT40 | LOCK SEAT,07-Nov-25,"Rp662,796",,,Production,Deltamas 1,2,,,,,,
545,FA485,Machine and Tooling,V,FA485/V/02,ZERO SETTER | 50mm,07-Nov-25,"Rp1,312,895",,,Production,Deltamas 1,2,,,,,,
546,FA486,Machine and Tooling,V,FA486/V/02,ZERO SETTER | 50mm,07-Nov-25,"Rp1,312,895",,,Production,Deltamas 1,2,,,,,,
547,FA487,Machine and Tooling,V,FA487/V/02,BORING HEAD | BT40 NBH2084,07-Nov-25,"Rp3,760,864",,,Production,Deltamas 1,2,,,,,,
548,FA488,Machine and Tooling,V,FA488/V/02,FACEMILL  BAP | 400R 50-22-4T APMT16,07-Nov-25,"Rp479,722",,,Production,Deltamas 1,2,,,,,,
549,FA489,Machine and Tooling,V,FA489/V/02,FACEMILL  BAP | 400R 63-22-4T APMT16,07-Nov-25,"Rp567,306",,,Production,Deltamas 1,2,,,,,,
550,FA490,Machine and Tooling,V,FA490/V/02,Arbor BT40-FMB22-100,Proses Finance,"Rp850,000",,,Production,Deltamas 1,2,,,,,,
551,FA491,Machine and Tooling,V,FA491/V/02,Arbor BT40-FMB22-200,Proses Finance,"Rp1,850,000",,,Production,Deltamas 1,2,,,,,,
552,FA492,Machine and Tooling,V,FA492/V/02,Arbor BT40-ER20-150,Proses Finance,"Rp780,000",,,Production,Deltamas 1,2,,,,,,
553,FA493,Machine and Tooling,V,FA493/V/02,Arbor BT40-ER20-150,Proses Finance,"Rp780,000",,,Production,Deltamas 1,2,,,,,,
554,FA494,Machine and Tooling,V,FA494/V/02,Arbor BT40-ER20-150,Proses Finance,"Rp780,000",,,Production,Deltamas 1,2,,,,,,
555,FA495,Machine and Tooling,V,FA495/V/02,Arbor BT40-ER32-150,Proses Finance,"Rp880,000",,,Production,Deltamas 1,2,,,,,,
556,FA496,Machine and Tooling,V,FA496/V/02,Arbor BT40-ER32-150,Proses Finance,"Rp880,000",,,Production,Deltamas 1,2,,,,,,
557,FA497,Machine and Tooling,V,FA497/V/02,Arbor BT40-SC32-105,Proses Finance,"Rp1,800,000",,,Production,Deltamas 1,2,,,,,,
558,FA498,Machine and Tooling,V,FA498/V/02,Arbor BT40-SC32-105,Proses Finance,"Rp1,800,000",,,Production,Deltamas 1,2,,,,,,
559,FA499,Machine and Tooling,V,FA499/V/02,Collet ER20 (isi 12 Pcs),Proses Finance,"Rp1,620,000",,,Production,Deltamas 1,2,,,,,,
560,FA500,Machine and Tooling,V,FA500/V/02,Collet ER32 (Isi 18 Pcs),Proses Finance,"Rp2,610,000",,,Production,Deltamas 1,2,,,,,,
561,FA501,Machine and Tooling,V,FA501/V/02,Collet SC32 (Isi 7 Pcs),Proses Finance,"Rp1,470,000",,,Production,Deltamas 1,2,,,,,,
